y,metric,model,aggregation,dist_metric,fold,loglik,delta_loglik,rsquared,delta_rsquared,rsquared_adj,delta_rsquared_adj,aic,bic,anova_p_vs_baseline,anova_p_ias_vs_surprisal,anova_p_surprisal_vs_ias,anova_p_both_vs_ias,anova_p_both_vs_surprisal
meanItemRT,Baseline,,,,full,-4.938325554642021,,0.2103176603280329,,0.21030129622873805,,2859788.452042085,2859862.4846008183,,,,,
meanItemRT,Surprisal,gpt2_small,,,full,-4.920495192668496,0.017830361973524944,0.23798210552925547,0.027664445201222576,0.23796368283519387,0.027662386606455813,2849464.925083941,2849549.533722493,0.0,,,,
meanItemRT,IAS (mean),gpt2_small,Smean,cosine_std,full,-4.854568359066846,0.08375719557517503,0.33211475372572563,0.12179709339769274,0.3318009022147541,0.12149960598601606,2811544.827598892,2812993.7505340967,0.0,0.0,,,
meanItemRT,Surprisal + IAS (mean),gpt2_small,Smean,cosine_std,full,-4.845200540309821,0.0931250143322,0.344511516347315,0.13419385601928213,0.34420122433263545,0.1338999281038974,2806121.942492337,2807581.441507361,0.0,,,0.0,0.0
meanItemRT,IAS (min),gpt2_small,Smin,cosine_std,full,-4.891312866425024,0.04701268821699678,0.2811840197684067,0.07086635944037378,0.28084623497264327,0.07054493874390522,2832823.4983209986,2834272.421256203,0.0,0.0,,,
meanItemRT,Surprisal + IAS (min),gpt2_small,Smin,cosine_std,full,-4.884262861178127,0.05406269346389436,0.29124821327758965,0.08093055294955676,0.29091270773432776,0.0806114115055897,2828742.854382531,2830202.3533975547,0.0,,,0.0,0.0
meanItemRT,Surprisal,gpt2_medium,,,full,-4.918355517153638,0.019970037488382886,0.24123608017492038,0.03091841984688748,0.24121773614958797,0.030916439920849914,2848225.8432726376,2848310.4519111896,0.0,,,,
meanItemRT,IAS (mean),gpt2_medium,Smean,cosine_std,full,-4.855329158736346,0.08299639590567498,0.3310977264186187,0.12078006609058578,0.3307833969878865,0.12048210075914845,2811985.4051659005,2813434.328101105,0.0,0.0,,,
meanItemRT,Surprisal + IAS (mean),gpt2_medium,Smean,cosine_std,full,-4.842673715536674,0.09565183910534714,0.3478157691252205,0.1374981087971876,0.3475070412619746,0.13720574503323657,2804658.663319857,2806118.162334881,0.0,,,0.0,0.0
meanItemRT,IAS (min),gpt2_medium,Smin,cosine_std,full,-4.890975760382684,0.04734979425933705,0.28166849085244505,0.07135083052441216,0.28133093371851814,0.07102963748978008,2832628.2808860913,2834077.203821296,0.0,0.0,,,
meanItemRT,Surprisal + IAS (min),gpt2_medium,Smin,cosine_std,full,-4.884273940177598,0.05405161446442275,0.2912325085821946,0.08091484825416173,0.2908969956047188,0.08059569937598077,2828749.270208967,2830208.769223991,0.0,,,0.0,0.0
meanItemRT,Surprisal,gpt2_large,,,full,-4.919510969511011,0.018814585131010197,0.23948062148764615,0.029162961159613254,0.23946223502200026,0.029160938793262203,2848894.9634218873,2848979.5720604393,0.0,,,,
meanItemRT,IAS (mean),gpt2_large,Smean,cosine_std,full,-4.839293514095165,0.09903204054685588,0.3522099274042252,0.1418922670761923,0.35190551898345135,0.1416042227547133,2802699.195425482,2804148.1183606866,0.0,0.0,,,
meanItemRT,Surprisal + IAS (mean),gpt2_large,Smean,cosine_std,full,-4.823750089570234,0.11457546507178673,0.372037888418281,0.1617202280902481,0.37174062670643626,0.1614393304776982,2793700.029369944,2795159.5283849677,0.0,,,0.0,0.0
meanItemRT,IAS (min),gpt2_large,Smin,cosine_std,full,-4.880924367913423,0.0574011867285984,0.2959647756755286,0.0856471153474957,0.2956339366277071,0.08533264039896904,2826807.539609927,2828256.462545132,0.0,0.0,,,
meanItemRT,Surprisal + IAS (min),gpt2_large,Smin,cosine_std,full,-4.871522524385456,0.06680303025656542,0.30907954428479145,0.09876188395675856,0.308752479652027,0.09845118342328896,2821364.9508265685,2822824.4498415925,0.0,,,0.0,0.0
meanItemRT,Surprisal,gpt2_xl,,,full,-4.922186897383876,0.01613865725814545,0.23539952049110235,0.025081860163069458,0.23538103535995836,0.025079739131220302,2850444.5879012076,2850529.1965397596,0.0,,,,
meanItemRT,IAS (mean),gpt2_xl,Smean,cosine_std,full,-4.846428716895767,0.0918968377462539,0.3428994260104118,0.1325817656823789,0.3425906424144912,0.13228934618575316,2806831.177096905,2808280.10003211,0.0,0.0,,,
meanItemRT,Surprisal + IAS (mean),gpt2_xl,Smean,cosine_std,full,-4.8353196783906425,0.10300587625137858,0.3573379451505212,0.1470202848224883,0.3570337248495845,0.14673242862084646,2800399.9551166645,2801859.4541316885,0.0,,,0.0,0.0
meanItemRT,IAS (min),gpt2_xl,Smin,cosine_std,full,-4.88535925584631,0.05296629879571135,0.28969236471689563,0.07937470438886274,0.28935857814827204,0.07905728191953398,2829375.774342086,2830824.6972772907,0.0,0.0,,,
meanItemRT,Surprisal + IAS (min),gpt2_xl,Smin,cosine_std,full,-4.878802438302421,0.059523116339599724,0.29894627105671734,0.08862861072868444,0.29861440958336205,0.088313113354624,2825580.7344160555,2827040.2334310794,0.0,,,0.0,0.0
sdItemRT,Baseline,,,,full,-5.53128123403925,,0.10846209551825958,,0.10844362072901692,,3203167.9000696614,3203241.9326283946,,,,,
sdItemRT,Surprisal,gpt2_small,,,full,-5.526502022777413,0.004779211261837446,0.11694319397221586,0.008481098453956282,0.11692184501769065,0.00847822428867373,3200402.268386354,3200486.877024906,0.0,,,,
sdItemRT,IAS (mean),gpt2_small,Smean,cosine_std,full,-5.485529073711183,0.045752160328067504,0.1864205116916765,0.07795841617341692,0.18603819578767145,0.07759457505865452,3176932.9155279985,3178381.838463203,0.0,0.0,,,
sdItemRT,Surprisal + IAS (mean),gpt2_small,Smean,cosine_std,full,-5.480176609939803,0.05110462409944727,0.1950833707977887,0.08662127527952912,0.19470234319966462,0.0862587224706477,3173835.3144629197,3175294.8134779437,0.0,,,0.0,0.0
sdItemRT,IAS (min),gpt2_small,Smin,cosine_std,full,-5.5052754765383565,0.026005757500893623,0.15364707720247006,0.04518498168421048,0.1532493604612829,0.04480573973226598,3188368.0179124093,3189816.940847614,0.0,0.0,,,
sdItemRT,Surprisal + IAS (min),gpt2_small,Smin,cosine_std,full,-5.502715050797249,0.028566183242000776,0.15797004673236592,0.04950795121410634,0.15757145060575817,0.04912782987674125,3186887.2804865856,3188346.7795016095,0.0,,,5e-324,0.0
sdItemRT,Surprisal,gpt2_medium,,,full,-5.525691453957723,0.005589780081526996,0.11837359084983168,0.009911495331572096,0.11835227647686186,0.009908655747844941,3199932.8696040097,3200017.4782425617,0.0,,,,
sdItemRT,IAS (mean),gpt2_medium,Smean,cosine_std,full,-5.487476682176096,0.04380455186315402,0.18324526296848553,0.07478316745022595,0.18286145495694395,0.07441783422792703,3178060.771694813,3179509.6946300175,0.0,0.0,,,
sdItemRT,Surprisal + IAS (mean),gpt2_medium,Smean,cosine_std,full,-5.480660998035699,0.050620236003551256,0.1943032088908515,0.08584111337259193,0.19392181198340175,0.08547819125438483,3174115.822640477,3175575.321655501,0.0,,,0.0,0.0
sdItemRT,IAS (min),gpt2_medium,Smin,cosine_std,full,-5.503591689774066,0.027689544265183663,0.156492439229164,0.04803034371090442,0.15609605957571215,0.04765243884669523,3187392.940364782,3188841.863299987,0.0,0.0,,,
sdItemRT,Surprisal + IAS (min),gpt2_medium,Smin,cosine_std,full,-5.501920637888962,0.029360596150287854,0.15930682342652858,0.050844727908268994,0.15890886009690197,0.05046523936788505,3186427.2375602224,3187886.7365752463,0.0,,,2.3727082891677977e-212,0.0
sdItemRT,Surprisal,gpt2_large,,,full,-5.526173722536216,0.005107511503034345,0.1175228191851776,0.009060723666918014,0.11750148424378515,0.009057863514768227,3200212.1503732773,3200296.7590118293,0.0,,,,
sdItemRT,IAS (mean),gpt2_large,Smean,cosine_std,full,-5.484766478491202,0.04651475554804829,0.187660429553542,0.07919833403528242,0.187278696309652,0.07883507558063507,3176491.298161298,3177940.2210965026,0.0,0.0,,,
sdItemRT,Surprisal + IAS (mean),gpt2_large,Smean,cosine_std,full,-5.4766039040319106,0.05467733000733954,0.20081433216756883,0.09235223664930925,0.20043601746462714,0.09199239673561022,3171766.367617071,3173225.866632095,0.0,,,0.0,0.0
sdItemRT,IAS (min),gpt2_large,Smin,cosine_std,full,-5.5008569296884655,0.03042430435078458,0.16109342678008154,0.052631331261821956,0.16069920921495673,0.05225558848593981,3185809.246268731,3187258.1692039357,0.0,0.0,,,
sdItemRT,Surprisal + IAS (min),gpt2_large,Smin,cosine_std,full,-5.498317623945875,0.03296361009337545,0.1653431069665139,0.056881011448254304,0.16494800106402374,0.05650438033500682,3184340.739391808,3185800.238406832,0.0,,,1.43e-321,0.0
sdItemRT,Surprisal,gpt2_xl,,,full,-5.5271061503434575,0.0041750836957925586,0.11587559121603719,0.007413495697777606,0.11585421645093841,0.007410595721921487,3200752.1174515956,3200836.7260901476,0.0,,,,
sdItemRT,IAS (mean),gpt2_xl,Smean,cosine_std,full,-5.4846574086042486,0.04662382543500154,0.18783761379757768,0.0793755182793181,0.18745596381580942,0.0790123430867925,3176428.136007903,3177877.0589431077,0.0,0.0,,,
sdItemRT,Surprisal + IAS (mean),gpt2_xl,Smean,cosine_std,full,-5.478909644419545,0.052371589619705006,0.1971203921039013,0.08865829658564173,0.19674032878121572,0.0882967080521988,3173101.6172640696,3174561.1162790935,0.0,,,0.0,0.0
sdItemRT,IAS (min),gpt2_xl,Smin,cosine_std,full,-5.502724667307543,0.028556566731706923,0.15795385179723498,0.049491756278975396,0.1575581588883177,0.04911453815930078,3186890.8493884634,3188339.772323668,0.0,0.0,,,
sdItemRT,Surprisal + IAS (min),gpt2_xl,Smin,cosine_std,full,-5.501143119262638,0.030138114776612213,0.16061311670370337,0.05215102118544379,0.16021577174096324,0.05177215101194632,3185976.978078755,3187436.477093779,0.0,,,4.333664757120589e-201,0.0
meanItemRT,Baseline,,,,0,-4.937218770162747,,0.21127981775959948,,0.21126165752484694,,2573233.1763835815,2573306.471416019,,,,,
meanItemRT,Surprisal,gpt2_small,,,0,-4.919489224154348,0.0177295460083986,0.23875708089819192,0.027477263138592445,0.23873663198522765,0.02747497446038072,2563994.7497585565,2564078.515509913,,,,,
meanItemRT,IAS (mean),gpt2_small,Smean,cosine_std,0,-4.853192725259626,0.08402604490312093,0.3332870993002556,0.1220072815406561,0.3329389690734037,0.12167731154855677,2529699.8100926136,2531134.298584601,,,,,
meanItemRT,Surprisal + IAS (mean),gpt2_small,Smean,cosine_std,0,-4.843940588993913,0.09327818116883346,0.34551069337089957,0.1342308756113001,0.34516643163376093,0.133904774108914,2524879.7076965594,2526324.6669074665,,,,,
meanItemRT,IAS (min),gpt2_small,Smin,cosine_std,0,-4.890103586177146,0.04711518398560077,0.2822069894426853,0.07092717168308582,0.2818321872702123,0.07057052974536537,2548937.307872494,2550371.7963644816,,,,,
meanItemRT,Surprisal + IAS (min),gpt2_small,Smin,cosine_std,0,-4.883116680826857,0.054102089335889225,0.2921675376068499,0.0808877198472504,0.29179521734028724,0.0805335598154403,2545297.8166467883,2546742.7758576954,,,,,
meanItemRT,Surprisal,gpt2_medium,,,0,-4.9173195717839135,0.019899198378833027,0.24205318932452502,0.030773371564925545,0.24203282895338185,0.030771171428534916,2562863.952978914,2562947.718730271,,,,,
meanItemRT,IAS (mean),gpt2_medium,Smean,cosine_std,0,-4.853963881021389,0.08325488914135715,0.3322580269396198,0.12097820918002034,0.3319093593732414,0.12064770184839446,2530101.727221776,2531536.215713763,,,,,
meanItemRT,Surprisal + IAS (mean),gpt2_medium,Smean,cosine_std,0,-4.841538173837838,0.09568059632490833,0.3486478606167901,0.13736804285719062,0.3483052490313573,0.13704359150651035,2523627.5977461953,2525072.5569571024,,,,,
meanItemRT,IAS (min),gpt2_medium,Smin,cosine_std,0,-4.88991632986649,0.04730244029625652,0.2824757616521322,0.0711959438925327,0.28210109982152176,0.07083944229667483,2548839.712130456,2550274.2006224436,,,,,
meanItemRT,Surprisal + IAS (min),gpt2_medium,Smin,cosine_std,0,-4.883209620595225,0.054009149567521675,0.29203595380761593,0.08075613604801646,0.2916635643279021,0.08040190680305515,2545346.255738784,2546791.214949691,,,,,
meanItemRT,Surprisal,gpt2_large,,,0,-4.918482398412685,0.018736371750061487,0.2402884165258553,0.029008598766255833,0.24026800874844478,0.029006351223597848,2563470.0042639105,2563553.770015267,,,,,
meanItemRT,IAS (mean),gpt2_large,Smean,cosine_std,0,-4.837842390467662,0.09937637969508462,0.3534446237895692,0.14216480602996973,0.35310701899812713,0.1418453614732802,2521699.3998030596,2523133.888295047,,,,,
meanItemRT,Surprisal + IAS (mean),gpt2_large,Smean,cosine_std,0,-4.822515772551485,0.11470299761126146,0.3729629598405261,0.1616831420809266,0.37263313801072817,0.16137148048588124,2513713.3504645634,2515158.3096754705,,,,,
meanItemRT,IAS (min),gpt2_large,Smin,cosine_std,0,-4.879767711969544,0.05745105819320262,0.29689271322114874,0.08561289546154927,0.29652557933339785,0.08526392180855091,2543550.374265983,2544984.86275797,,,,,
meanItemRT,Surprisal + IAS (min),gpt2_large,Smin,cosine_std,0,-4.87043102692777,0.06678774323497638,0.30990027036139833,0.09862045260179886,0.3095372775220685,0.09827561999722156,2538686.2060624305,2540131.1652733376,,,,,
meanItemRT,Surprisal,gpt2_xl,,,0,-4.921141832494499,0.016076937668247915,0.2362368454363999,0.024957027676800414,0.2362163288235276,0.024954671298680675,2564856.069394143,2564939.8351454996,,,,,
meanItemRT,IAS (mean),gpt2_xl,Smean,cosine_std,0,-4.8451869945609936,0.09203177560175302,0.3438771399159921,0.13259732215639264,0.3435345393755136,0.13227288185066666,2525527.319321255,2526961.8078132425,,,,,
meanItemRT,Surprisal + IAS (mean),gpt2_xl,Smean,cosine_std,0,-4.834203593577414,0.10301517658533221,0.3581329107578731,0.14685309299827365,0.3577952883140586,0.14653363078921167,2519804.9025294255,2521249.8617403326,,,,,
meanItemRT,IAS (min),gpt2_xl,Smin,cosine_std,0,-4.8842588393647075,0.05295993079803907,0.2905487756474078,0.0792689578878083,0.2901783292147454,0.07891667168989847,2545891.095970813,2547325.5844628005,,,,,
meanItemRT,Surprisal + IAS (min),gpt2_xl,Smin,cosine_std,0,-4.877799920780885,0.059418849381861705,0.29965441185753106,0.08837459409793158,0.2992860296909635,0.08802437216611658,2542526.785111948,2543971.744322855,,,,,
meanItemRT,Baseline,,,,1,-4.938431229083373,,0.2101522080631817,,0.21013402186528374,,2573865.095423505,2573938.3904559426,,,,,
meanItemRT,Surprisal,gpt2_small,,,1,-4.92061446025689,0.017816768826483198,0.23780172838484226,0.02764952032166057,0.23778125380868975,0.027647231943406014,2564581.209312368,2564664.975063725,,,,,
meanItemRT,IAS (mean),gpt2_small,Smean,cosine_std,1,-4.854789175896081,0.08364205318729212,0.3318209663393519,0.12166875827617019,0.3314720705577916,0.12133804869250786,2530531.8610069267,2531966.349498914,,,,,
meanItemRT,Surprisal + IAS (mean),gpt2_small,Smean,cosine_std,1,-4.845483626865112,0.0929476022182616,0.34414150684092515,0.13398929877774346,0.3437965249109147,0.133662503045631,2525683.920518574,2527128.879729481,,,,,
meanItemRT,IAS (min),gpt2_small,Smin,cosine_std,1,-4.891405432742771,0.047025796340602,0.2810522636042355,0.07090005554105383,0.28067685848112567,0.07054283661584193,2549615.8146803393,2551050.3031723266,,,,,
meanItemRT,Surprisal + IAS (min),gpt2_small,Smin,cosine_std,1,-4.884486539941723,0.05394468914164996,0.29093239103993973,0.08078018297675804,0.29055942108559996,0.08042539922031622,2546011.770779147,2547456.729990054,,,,,
meanItemRT,Surprisal,gpt2_medium,,,1,-4.918539859098919,0.019891369984454066,0.24095769132650147,0.030805483263319777,0.24093730152750725,0.030803279662223515,2563499.9520840473,2563583.717835404,,,,,
meanItemRT,IAS (mean),gpt2_medium,Smean,cosine_std,1,-4.855383094622505,0.083048134460868,0.33102680668504836,0.12087459862186667,0.33067749622577547,0.12054347436049173,2530841.4043201143,2532275.8928121016,,,,,
meanItemRT,Surprisal + IAS (mean),gpt2_medium,Smean,cosine_std,1,-4.84286368396815,0.09556754511522314,0.34756914239004433,0.13741693432686264,0.34722596339822787,0.13709194153294413,2524318.4377199924,2525763.3969308995,,,,,
meanItemRT,IAS (min),gpt2_medium,Smin,cosine_std,1,-4.8910189517040665,0.047412277379306644,0.281607768220419,0.07145556015723731,0.28123265315911516,0.07109863129383143,2549414.385400739,2550848.8738927264,,,,,
meanItemRT,Surprisal + IAS (min),gpt2_medium,Smin,cosine_std,1,-4.884433584058528,0.05399764502484494,0.2910074856661933,0.08085527760301159,0.2906345552116685,0.08050053334638474,2545984.170808296,2547429.1300192033,,,,,
meanItemRT,Surprisal,gpt2_large,,,1,-4.9197254772981465,0.01870575178522671,0.23915568693141998,0.029003478868238286,0.23913524872602343,0.029001226860739693,2564117.8820620663,2564201.647813423,,,,,
meanItemRT,IAS (mean),gpt2_large,Smean,cosine_std,1,-4.8393565057045675,0.09907472337880563,0.35212951230651635,0.14197730424333466,0.35179122081760916,0.14165719895232542,2522488.5384951523,2523923.0269871396,,,,,
meanItemRT,Surprisal + IAS (mean),gpt2_large,Smean,cosine_std,1,-4.8239838793528484,0.11444734973052473,0.37174536187758545,0.16159315381440376,0.3714148995905858,0.16128087772530209,2514478.5101121524,2515923.4693230595,,,,,
meanItemRT,IAS (min),gpt2_large,Smin,cosine_std,1,-4.881063341954832,0.05736788712854146,0.29577036841112625,0.08561816034794456,0.2954026484807881,0.08526862661550438,2544225.6410667547,2545660.129558742,,,,,
meanItemRT,Surprisal + IAS (min),gpt2_large,Smin,cosine_std,1,-4.871906208428859,0.06652502065451404,0.30855043198734544,0.09839822392416375,0.3081867291322846,0.09805270726700088,2539455.0529586202,2540900.0121695274,,,,,
meanItemRT,Surprisal,gpt2_xl,,,1,-4.92242545691515,0.01600577216822341,0.2350360457206485,0.024883837657466823,0.23501549685125434,0.024881474985970597,2565525.079038693,2565608.84479005,,,,,
meanItemRT,IAS (mean),gpt2_xl,Smean,cosine_std,1,-4.8465568030867106,0.09187442599666262,0.34273229156644547,0.13258008350326378,0.3423890932329511,0.13225507136766734,2526241.2470871564,2527675.7355791437,,,,,
meanItemRT,Surprisal + IAS (mean),gpt2_xl,Smean,cosine_std,1,-4.835602745490024,0.10282848359334906,0.35697520091544466,0.14682299285226297,0.35663696951561297,0.14650294765032923,2520534.1237164545,2521979.0829273616,,,,,
meanItemRT,IAS (min),gpt2_xl,Smin,cosine_std,1,-4.885223714949926,0.053207514133447376,0.28988620616726535,0.07973399810408366,0.2895154137679009,0.07938139190261717,2546393.977547322,2547828.4660393093,,,,,
meanItemRT,Surprisal + IAS (min),gpt2_xl,Smin,cosine_std,1,-4.878878279506397,0.05955294957697621,0.29884122495665466,0.08868901689347297,0.29847241505332767,0.08833839318804393,2543088.81273938,2544533.7719502873,,,,,
meanItemRT,Baseline,,,,2,-4.938485852885539,,0.2096092192647847,,0.20959102056460233,,2573893.5646937084,2573966.859726146,,,,,
meanItemRT,Surprisal,gpt2_small,,,2,-4.92071417598514,0.01777167690039949,0.2372089591943043,0.027599739929519584,0.23718846869486987,0.027597448130267543,2564633.179953343,2564716.9457046995,,,,,
meanItemRT,IAS (mean),gpt2_small,Smean,cosine_std,2,-4.8548387009808565,0.08364715190468264,0.3313684383125427,0.121759219047758,0.3310193062393425,0.12142828567474018,2530557.6728868107,2531992.161378798,,,,,
meanItemRT,Surprisal + IAS (mean),gpt2_small,Smean,cosine_std,2,-4.8454424697266205,0.09304338315891858,0.3438163421483169,0.1342071228835322,0.34347118918149844,0.1338801686168961,2525662.469911878,2527107.429122785,,,,,
meanItemRT,IAS (min),gpt2_small,Smin,cosine_std,2,-4.891559262559457,0.04692659032608226,0.28041525565511305,0.07080603639032834,0.28003951791248793,0.07044849734788561,2549695.988934838,2551130.4774268256,,,,,
meanItemRT,Surprisal + IAS (min),gpt2_small,Smin,cosine_std,2,-4.884632166274546,0.0538536866109931,0.29031578102375843,0.08070656175897373,0.28994248673220924,0.08035146616760691,2546087.669476298,2547532.6286872053,,,,,
meanItemRT,Surprisal,gpt2_medium,,,2,-4.918513733158216,0.019972119727323268,0.24055853937683858,0.03094932011205387,0.24053813885561204,0.030947118291009712,2563486.3355572643,2563570.101308621,,,,,
meanItemRT,IAS (mean),gpt2_medium,Smean,cosine_std,2,-4.855274822072524,0.08321103081301473,0.33078497523569006,0.12117575597090535,0.3304355385019184,0.1208445179373161,2530784.973966335,2532219.4624583223,,,,,
meanItemRT,Surprisal + IAS (mean),gpt2_medium,Smean,cosine_std,2,-4.8426109665881345,0.0958748862974046,0.34752181236821134,0.13791259310342663,0.3471786084807772,0.13758758791617487,2524186.7244541366,2525631.6836650437,,,,,
meanItemRT,IAS (min),gpt2_medium,Smin,cosine_std,2,-4.8910063282856955,0.047479524599843614,0.28121058194691095,0.07160136268212625,0.28083525949116883,0.0712442389265665,2549407.806226565,2550842.2947185524,,,,,
meanItemRT,Surprisal + IAS (min),gpt2_medium,Smin,cosine_std,2,-4.884495896557681,0.0539899563278583,0.29050917160447065,0.08089995233968594,0.2901359790364738,0.08054495847187149,2546016.6473351046,2547461.6065460118,,,,,
meanItemRT,Surprisal,gpt2_large,,,2,-4.919728717758806,0.018757135126732827,0.2387108760440867,0.029101656779301988,0.23869042588994305,0.02909940532534072,2564119.570951277,2564203.3367026336,,,,,
meanItemRT,IAS (mean),gpt2_large,Smean,cosine_std,2,-4.839719492796483,0.09876636008905582,0.35128417028205616,0.14167495101727146,0.35094543739009454,0.1413544168254922,2522677.7230116134,2524112.2115036007,,,,,
meanItemRT,Surprisal + IAS (mean),gpt2_large,Smean,cosine_std,2,-4.824119783925001,0.11436606896053814,0.3712112533568066,0.1616020340920219,0.3708805101284298,0.1612894895638275,2514549.3419443034,2515994.3011552105,,,,,
meanItemRT,IAS (min),gpt2_large,Smin,cosine_std,2,-4.881245406546824,0.0572404463387155,0.2951065972276581,0.08549737796287338,0.2947385307031376,0.08514751013853528,2544320.5309473258,2545755.019439313,,,,,
meanItemRT,Surprisal + IAS (min),gpt2_large,Smin,cosine_std,2,-4.87188756380674,0.06659828907879906,0.30817647310396656,0.09856725383918186,0.3078125735463263,0.09822155298172397,2539445.335605307,2540890.294816214,,,,,
meanItemRT,Surprisal,gpt2_xl,,,2,-4.922353819908393,0.01613203297714616,0.23470344189393344,0.025094222629148732,0.23468288408995808,0.02509186352535575,2565487.7426904156,2565571.5084417723,,,,,
meanItemRT,IAS (mean),gpt2_xl,Smean,cosine_std,2,-4.846556354788955,0.0919294980965839,0.34235288628265015,0.13274366701786544,0.3420094898392235,0.1324184692746212,2526241.013439746,2527675.5019317335,,,,,
meanItemRT,Surprisal + IAS (mean),gpt2_xl,Smean,cosine_std,2,-4.835467625358419,0.10301822752712031,0.356777288594851,0.14716806933006632,0.3564389530930292,0.14684793252842687,2520463.7007253035,2521908.6599362106,,,,,
meanItemRT,IAS (min),gpt2_xl,Smin,cosine_std,2,-4.885567412950799,0.05291843993474021,0.2889870791332333,0.07937785986844859,0.2886158172464809,0.07902479668187856,2546573.108821001,2548007.5973129882,,,,,
meanItemRT,Surprisal + IAS (min),gpt2_xl,Smin,cosine_std,2,-4.879081239374221,0.05940461351131798,0.2981510181638529,0.08854179889906821,0.2977818452113713,0.08819082464676897,2543194.5929869716,2544639.5521978787,,,,,
meanItemRT,Baseline,,,,3,-4.937805636672531,,0.21026552977428647,,0.21024734618561414,,2573539.044166083,2573612.3391985204,,,,,
meanItemRT,Surprisal,gpt2_small,,,3,-4.9198026012434894,0.018003035429041248,0.23819493369231415,0.027929403918027673,0.23817446967865208,0.027927123493037942,2564158.0781368916,2564241.8438882483,,,,,
meanItemRT,IAS (mean),gpt2_small,Smean,cosine_std,3,-4.853765033708822,0.08404060296370908,0.3324491484992066,0.12218361872492012,0.3321005807286951,0.12185323454308095,2529998.0903886333,2531432.5788806207,,,,,
meanItemRT,Surprisal + IAS (mean),gpt2_small,Smean,cosine_std,3,-4.844343245788975,0.09346239088355546,0.34491041743607853,0.13464488766179206,0.34456583995346635,0.1343184937678522,2525089.5675862646,2526534.5267971717,,,,,
meanItemRT,IAS (min),gpt2_small,Smin,cosine_std,3,-4.89076872696626,0.04703690970627061,0.28117139047049045,0.07090586069620397,0.2807960475505612,0.07054870136494706,2549283.9712700914,2550718.4597620787,,,,,
meanItemRT,Surprisal + IAS (min),gpt2_small,Smin,cosine_std,3,-4.883641132909858,0.05416450376267257,0.2913457366172699,0.08108020684298345,0.2909729840829324,0.08072563789731824,2545571.154779023,2547016.11398993,,,,,
meanItemRT,Surprisal,gpt2_medium,,,3,-4.9178341983237726,0.01997143834875814,0.24118811666985251,0.03092258689556604,0.24116773306066674,0.030920386875052608,2563132.1701559704,2563215.935907327,,,,,
meanItemRT,IAS (mean),gpt2_medium,Smean,cosine_std,3,-4.854611771888808,0.08319386478372248,0.33131770915059033,0.12105217937630386,0.33096855058869523,0.1207212044030811,2530439.400167184,2531873.8886591713,,,,,
meanItemRT,Surprisal + IAS (mean),gpt2_medium,Smean,cosine_std,3,-4.841963391049817,0.09584224562271348,0.34802104481740936,0.1377555150431229,0.3476781035265195,0.13743075734090537,2523849.215854472,2525294.175065379,,,,,
meanItemRT,IAS (min),gpt2_medium,Smin,cosine_std,3,-4.890096145566271,0.04770949110625988,0.28213768192022104,0.07187215214593456,0.2817628435581926,0.07151549737257845,2548933.4299153937,2550367.918407381,,,,,
meanItemRT,Surprisal + IAS (min),gpt2_medium,Smin,cosine_std,3,-4.8834004089967555,0.05440522767577516,0.29168683455493516,0.08142130478064868,0.2913142614383014,0.08106691525268728,2545445.692364201,2546890.651575108,,,,,
meanItemRT,Surprisal,gpt2_large,,,3,-4.919011710817108,0.018793925855423055,0.23939898983215313,0.029133460057866656,0.23937855816248876,0.029131211976874627,2563745.8755373466,2563829.6412887033,,,,,
meanItemRT,IAS (mean),gpt2_large,Smean,cosine_std,3,-4.838921019756825,0.09888461691570605,0.35197612390930644,0.14171059413501996,0.3516377523272475,0.14139040614163334,2522261.56844502,2523696.0569370072,,,,,
meanItemRT,Surprisal + IAS (mean),gpt2_large,Smean,cosine_std,3,-4.823489391082474,0.11431624559005638,0.3716707678291401,0.16140523805485363,0.3713402663056298,0.16109292012001564,2514220.788759493,2515665.7479704,,,,,
meanItemRT,IAS (min),gpt2_large,Smin,cosine_std,3,-4.880382442673628,0.05742319399890228,0.2959492882313647,0.08568375845707821,0.2955816617256438,0.08533431554002968,2543870.764532183,2545305.25302417,,,,,
meanItemRT,Surprisal + IAS (min),gpt2_large,Smin,cosine_std,3,-4.870971162494904,0.066834474177627,0.3090773854546379,0.09881185568035145,0.30871395977739224,0.09846661359177811,2538967.718238394,2540412.677449301,,,,,
meanItemRT,Surprisal,gpt2_xl,,,3,-4.921629866795547,0.016175769876983992,0.23540579999839029,0.02514027022410381,0.23538526106153257,0.025137914875918432,2565110.4270154373,2565194.192766794,,,,,
meanItemRT,IAS (mean),gpt2_xl,Smean,cosine_std,3,-4.845663662300181,0.09214197437234972,0.3431781489245458,0.13291261915025931,0.34283518339954067,0.13258783721392653,2525775.7528269067,2527210.241318894,,,,,
meanItemRT,Surprisal + IAS (mean),gpt2_xl,Smean,cosine_std,3,-4.834613493255687,0.10319214341684368,0.3575349049712431,0.1472693751969566,0.35719696797605416,0.14694962179044002,2520018.537322945,2521463.496533852,,,,,
meanItemRT,IAS (min),gpt2_xl,Smin,cosine_std,3,-4.884540215610856,0.05326542106167498,0.2900703126709502,0.0798047828966637,0.28969961640447717,0.07945227021886303,2546037.745893791,2547472.234385778,,,,,
meanItemRT,Surprisal + IAS (min),gpt2_xl,Smin,cosine_std,3,-4.87798805160901,0.05981758506352097,0.29931277377042875,0.08904724399614228,0.29894421190203857,0.08869686571642443,2542624.8366419966,2544069.7958529037,,,,,
meanItemRT,Baseline,,,,4,-4.937464345332941,,0.2112117321285395,,0.2111935703261194,,2573361.167215385,2573434.4622478224,,,,,
meanItemRT,Surprisal,gpt2_small,,,4,-4.919545988193264,0.01791835713967682,0.23897880003395722,0.02776706790541772,0.23895835707693058,0.027764786750811177,2564024.334494471,2564108.100245828,,,,,
meanItemRT,IAS (mean),gpt2_small,Smean,cosine_std,4,-4.853544430510506,0.08391991482243544,0.33308800202315536,0.12187626989461586,0.3327397678358429,0.12154619750972351,2529883.1146489093,2531317.6031408967,,,,,
meanItemRT,Surprisal + IAS (mean),gpt2_small,Smean,cosine_std,4,-4.844113725583454,0.09335061974948733,0.34554901698067264,0.13433728485213314,0.34520477540177397,0.13401120507565456,2524969.944409389,2526414.903620296,,,,,
meanItemRT,IAS (min),gpt2_small,Smin,cosine_std,4,-4.890201302572157,0.0472630427607843,0.28235727747176687,0.07114554534322737,0.2819825537735601,0.07078898344744067,2548988.2364849774,2550422.7249769648,,,,,
meanItemRT,Surprisal + IAS (min),gpt2_small,Smin,cosine_std,4,-4.883164273882574,0.05430007145036697,0.29238667958512954,0.08117494745659004,0.2920144745873686,0.08082090426124922,2545322.621576311,2546767.580787218,,,,,
meanItemRT,Surprisal,gpt2_medium,,,4,-4.917335889403966,0.020128455928975164,0.24233524056933287,0.031123508440793368,0.2423148877748006,0.031121317448681185,2562872.457526674,2562956.2232780308,,,,,
meanItemRT,IAS (mean),gpt2_medium,Smean,cosine_std,4,-4.853902682894876,0.08356166243806484,0.33260998516602214,0.12139825303748264,0.3322615013778444,0.12106793105172498,2530069.831492615,2531504.3199846023,,,,,
meanItemRT,Surprisal + IAS (mean),gpt2_medium,Smean,cosine_std,4,-4.841242568306455,0.0962217770264866,0.3492963110177426,0.1380845788892031,0.34895404051757917,0.13776047019145976,2523473.5316905044,2524918.4909014115,,,,,
meanItemRT,IAS (min),gpt2_medium,Smin,cosine_std,4,-4.8898910464296925,0.047573298903248684,0.28280244546680855,0.07159071333826905,0.28242795421713385,0.07123438389101444,2548826.5347065986,2550261.023198586,,,,,
meanItemRT,Surprisal + IAS (min),gpt2_medium,Smin,cosine_std,4,-4.883086504092028,0.05437784124091305,0.2924967329055358,0.0812850007769963,0.2921245857958822,0.08093101546976278,2545282.088894716,2546727.048105623,,,,,
meanItemRT,Surprisal,gpt2_large,,,4,-4.918536711228539,0.018927634104402458,0.24051341299690143,0.029301680868361935,0.240493011263466,0.0292994409373466,2563498.3114517797,2563582.0772031364,,,,,
meanItemRT,IAS (mean),gpt2_large,Smean,cosine_std,4,-4.838412319554252,0.09905202577868888,0.35296921259319014,0.14175748046465064,0.3526313595614524,0.141437789235333,2521996.4400038416,2523430.928495829,,,,,
meanItemRT,Surprisal + IAS (mean),gpt2_large,Smean,cosine_std,4,-4.822918683714705,0.11454566161823632,0.3727114723021613,0.1614997401736218,0.37238151818977916,0.16118794786365975,2513923.3429278997,2515368.302138807,,,,,
meanItemRT,IAS (min),gpt2_large,Smin,cosine_std,4,-4.880046835840778,0.05741750949216318,0.29678483572619796,0.08557310359765846,0.29641764550922844,0.08522407518310904,2543695.8502781834,2545130.3387701707,,,,,
meanItemRT,Surprisal + IAS (min),gpt2_large,Smin,cosine_std,4,-4.870592604155082,0.06687174117785943,0.30995663224567027,0.09874490011713077,0.3095936690527228,0.09840009872660338,2538770.4181743786,2540215.3773852857,,,,,
meanItemRT,Surprisal,gpt2_xl,,,4,-4.921252861883225,0.016211483449716013,0.23637642651094315,0.025164694382403652,0.23635591364757214,0.02516234332145273,2564913.9365791944,2564997.702330551,,,,,
meanItemRT,IAS (mean),gpt2_xl,Smean,cosine_std,4,-4.845160173392919,0.0923041719400226,0.34417788506789126,0.13296615293935177,0.34383544156423895,0.13264187123811955,2525513.3404503083,2526947.8289422956,,,,,
meanItemRT,Surprisal + IAS (mean),gpt2_xl,Smean,cosine_std,4,-4.834046552638387,0.10341779269455387,0.3585941907229885,0.14738245859444898,0.35825681091269057,0.14706324058657116,2519723.054676496,2521168.013887403,,,,,
meanItemRT,IAS (min),gpt2_xl,Smin,cosine_std,4,-4.884332280240584,0.05313206509235702,0.29073175365935355,0.07952002153081406,0.2903614027703303,0.07916783244421088,2545929.3724740297,2547363.860966017,,,,,
meanItemRT,Surprisal + IAS (min),gpt2_xl,Smin,cosine_std,4,-4.877637759122882,0.05982658621005932,0.3001648849491889,0.08895315282064942,0.29979677129174986,0.08860320096563046,2542442.2684017364,2543887.2276126435,,,,,
meanItemRT,Baseline,,,,5,-4.939301329147049,,0.21069762388562374,,0.2106794502458923,,2574318.581135492,2574391.8761679293,,,,,
meanItemRT,Surprisal,gpt2_small,,,5,-4.921413304779885,0.017888024367163524,0.23843659026508068,0.027738966379456942,0.23841613274292628,0.027736682497033982,2564997.5574916187,2565081.3232429754,,,,,
meanItemRT,IAS (mean),gpt2_small,Smean,cosine_std,5,-4.855674192055456,0.08362713709159308,0.33226244611384725,0.12156482222822351,0.331913780854981,0.12123433060908873,2530993.1208089986,2532427.609300986,,,,,
meanItemRT,Surprisal + IAS (mean),gpt2_small,Smean,cosine_std,5,-4.846199881264064,0.0931014478829848,0.3447960302543436,0.13409840636871984,0.3444513926040105,0.13377194235811818,2526057.223716255,2527502.182927162,,,,,
meanItemRT,IAS (min),gpt2_small,Smin,cosine_std,5,-4.892356420909986,0.04694490823706232,0.2814324828865161,0.07073485900089238,0.2810572762983752,0.07037782605248288,2550111.458301234,2551545.9467932214,,,,,
meanItemRT,Surprisal + IAS (min),gpt2_small,Smin,cosine_std,5,-4.885125148666409,0.054176180480639324,0.2917500088920114,0.08105238500638767,0.29137746900511385,0.08069801875922156,2546344.6059831483,2547789.5651940554,,,,,
meanItemRT,Surprisal,gpt2_medium,,,5,-4.919220271785224,0.02008105736182486,0.24176954301677034,0.031071919131146597,0.24174917502616888,0.031069724780276586,2563854.575011197,2563938.3407625537,,,,,
meanItemRT,IAS (mean),gpt2_medium,Smean,cosine_std,5,-4.856687384216905,0.08261394493014329,0.3309079813332413,0.12021035744761754,0.3305586088282263,0.119879158582334,2531521.1844052407,2532955.672897228,,,,,
meanItemRT,Surprisal + IAS (mean),gpt2_medium,Smean,cosine_std,5,-4.843850849504357,0.09545047964269138,0.3478670006668786,0.13716937678125485,0.34752397834868043,0.13684452810278813,2524832.936551477,2526277.895762384,,,,,
meanItemRT,IAS (min),gpt2_medium,Smin,cosine_std,5,-4.892203422934895,0.04709790621215326,0.28165232799912987,0.07095470411350613,0.28127723620512124,0.07059778595922894,2550031.7175925924,2551466.2060845797,,,,,
meanItemRT,Surprisal + IAS (min),gpt2_medium,Smin,cosine_std,5,-4.88530155477749,0.05399977436955883,0.2915000855534937,0.08080246166786997,0.2911274142067819,0.0804479639608896,2546436.5467313705,2547881.5059422776,,,,,
meanItemRT,Surprisal,gpt2_large,,,5,-4.9203244003638495,0.01897692878319912,0.24009332510423853,0.02939570121861479,0.24007291208617831,0.029393461840286017,2564430.033576834,2564513.7993281907,,,,,
meanItemRT,IAS (mean),gpt2_large,Smean,cosine_std,5,-4.839961970143923,0.09933935900312552,0.3529194599150134,0.14222183602938965,0.35258158090446057,0.14190213065856827,2522804.099295371,2524238.5877873586,,,,,
meanItemRT,Surprisal + IAS (mean),gpt2_large,Smean,cosine_std,5,-4.824199398807582,0.11510193033946692,0.37300057319998403,0.1623029493143603,0.37267077115483405,0.16199132090894175,2514590.836265726,2516035.795476633,,,,,
meanItemRT,IAS (min),gpt2_large,Smin,cosine_std,5,-4.881704077193979,0.05759725195306942,0.2965794159843873,0.08588179209876357,0.29621211850562446,0.08553266825973216,2544559.5845845756,2545994.073076563,,,,,
meanItemRT,Surprisal + IAS (min),gpt2_large,Smin,cosine_std,5,-4.872181130767732,0.0671201983793166,0.3098499136700188,0.09915228978439505,0.30948689434304155,0.09880744409714926,2539598.339182573,2541043.29839348,,,,,
meanItemRT,Surprisal,gpt2_xl,,,5,-4.923064076906364,0.01623725224068462,0.23591809980019107,0.02522047591456733,0.23589757462500371,0.025218124379111417,2565857.920114674,2565941.685866031,,,,,
meanItemRT,IAS (mean),gpt2_xl,Smean,cosine_std,5,-4.847576138962155,0.09172519018489389,0.3429900869367133,0.13229246305108955,0.34264702321342455,0.13196757296753225,2526772.5127134076,2528207.001205395,,,,,
meanItemRT,Surprisal + IAS (mean),gpt2_xl,Smean,cosine_std,5,-4.8363906634768785,0.10291066567017015,0.35752483920771894,0.1468272153220952,0.3571868969179328,0.14650744667204052,2520944.7771161874,2522389.7363270945,,,,,
meanItemRT,IAS (min),gpt2_xl,Smin,cosine_std,5,-4.886325901565604,0.05297542758144491,0.2900470984754704,0.07934947458984665,0.28967639008749335,0.07899693984160105,2546968.423985174,2548402.9124771613,,,,,
meanItemRT,Surprisal + IAS (min),gpt2_xl,Smin,cosine_std,5,-4.879650817015199,0.059650512131849354,0.29946210397309936,0.08876448008747562,0.29909362065247835,0.08841417040658606,2543491.4500185177,2544936.409229425,,,,,
meanItemRT,Baseline,,,,6,-4.939825415699115,,0.20980853057939763,,0.20979033646834633,,2574591.7287573903,2574665.0237898277,,,,,
meanItemRT,Surprisal,gpt2_small,,,6,-4.921836223148796,0.017989192550318833,0.23773299288369842,0.02792446230430079,0.23771251646113623,0.027922179992789897,2565217.977470475,2565301.7432218315,,,,,
meanItemRT,IAS (mean),gpt2_small,Smean,cosine_std,6,-4.855938761773668,0.08388665392544681,0.3318571656215088,0.12204863504211116,0.3315082887417341,0.12171795227338778,2531131.0113712945,2532565.499863282,,,,,
meanItemRT,Surprisal + IAS (mean),gpt2_small,Smean,cosine_std,6,-4.84636654661211,0.09345886908700507,0.34452671693248116,0.13471818635308352,0.34418193762319194,0.1343916011548456,2526144.087695672,2527589.0469065793,,,,,
meanItemRT,IAS (min),gpt2_small,Smin,cosine_std,6,-4.892575909106364,0.047249506592750734,0.28106117599734426,0.07125264541794663,0.28068577552792184,0.07089543905957552,2550225.852915328,2551660.3414073153,,,,,
meanItemRT,Surprisal + IAS (min),gpt2_small,Smin,cosine_std,6,-4.885290469777329,0.05453494592178565,0.2914607965647039,0.08165226598530628,0.2910881045519623,0.081297768083616,2546430.7693623067,2547875.728573214,,,,,
meanItemRT,Surprisal,gpt2_medium,,,6,-4.9197125499938625,0.020112865705252503,0.2409637389378836,0.031155208358485953,0.24094334930134353,0.031153012832997207,2564111.144506201,2564194.910257558,,,,,
meanItemRT,IAS (mean),gpt2_medium,Smean,cosine_std,6,-4.857007030261708,0.08281838543740694,0.3304281276980483,0.12061959711865067,0.33007850463307764,0.12028816816473131,2531687.780088039,2533122.2685800265,,,,,
meanItemRT,Surprisal + IAS (mean),gpt2_medium,Smean,cosine_std,6,-4.844118321347492,0.09570709435162339,0.34746740384184316,0.13765887326244552,0.3471241713354941,0.13733383486714779,2524972.3396664564,2526417.2988773636,,,,,
meanItemRT,IAS (min),gpt2_medium,Smin,cosine_std,6,-4.892479974045665,0.04734544165344978,0.28119910564407946,0.07139057506468183,0.28082377719588114,0.07103344072753481,2550175.852712912,2551610.3412048994,,,,,
meanItemRT,Surprisal + IAS (min),gpt2_medium,Smin,cosine_std,6,-4.885565104130436,0.05426031156867861,0.2910715112517973,0.08126298067239968,0.29069861447476586,0.08090827800641953,2546573.9054915337,2548018.864702441,,,,,
meanItemRT,Surprisal,gpt2_large,,,6,-4.920886351430614,0.018939064268501227,0.23917972997733328,0.029371199397935643,0.23915929241779388,0.02936895594944755,2564722.915729419,2564806.6814807756,,,,,
meanItemRT,IAS (mean),gpt2_large,Smean,cosine_std,6,-4.840787851057228,0.09903756464188707,0.35179944095385685,0.1419909103744592,0.3514609771151799,0.14167064064683355,2523234.5385168144,2524669.0270088017,,,,,
meanItemRT,Surprisal + IAS (mean),gpt2_large,Smean,cosine_std,6,-4.824956956149735,0.1148684595493803,0.3720011323562473,0.1621926017768497,0.37167080460466095,0.16188046813631463,2514985.666061768,2516430.625272675,,,,,
meanItemRT,IAS (min),gpt2_large,Smin,cosine_std,6,-4.882042371350247,0.05778304434886827,0.296048688649724,0.08624015807032637,0.29568111404683894,0.08589077757849262,2544735.8994392925,2546170.38793128,,,,,
meanItemRT,Surprisal + IAS (min),gpt2_large,Smin,cosine_std,6,-4.872463027988427,0.0673623877106877,0.30940709789979526,0.09959856732039762,0.309043845651478,0.0992535091831317,2539745.2606312325,2541190.2198421396,,,,,
meanItemRT,Surprisal,gpt2_xl,,,6,-4.923645523052852,0.01617989264626285,0.23496965694988237,0.025161126370484732,0.23494910629711774,0.02515876982877141,2566160.96286887,2566244.7286202265,,,,,
meanItemRT,IAS (mean),gpt2_xl,Smean,cosine_std,6,-4.848129736774623,0.09169567892449226,0.34221118852614585,0.13240265794674821,0.34186771809394234,0.132077381625596,2527061.041250092,2528495.5297420793,,,,,
meanItemRT,Surprisal + IAS (mean),gpt2_xl,Smean,cosine_std,6,-4.836854128844654,0.10297128685446122,0.3568791146021755,0.14707058402277784,0.3565408326608899,0.14675049619254354,2521186.3297042875,2522631.2889151946,,,,,
meanItemRT,IAS (min),gpt2_xl,Smin,cosine_std,6,-4.887121287700822,0.05270412799829316,0.2888616283186596,0.07905309773926195,0.2884903009266192,0.07869996445827288,2547382.969694216,2548817.458186203,,,,,
meanItemRT,Surprisal + IAS (min),gpt2_xl,Smin,cosine_std,6,-4.880384834277628,0.05944058142148734,0.29837847559964625,0.08856994502024862,0.2980094222899017,0.08821908582155535,2543874.0110074882,2545318.9702183953,,,,,
meanItemRT,Baseline,,,,7,-4.938760493473907,,0.21001620873652216,,0.20999801940724794,,2574036.704072679,2574109.9991051164,,,,,
meanItemRT,Surprisal,gpt2_small,,,7,-4.920828454301362,0.017932039172545267,0.23784621758532543,0.027830008848803267,0.2378257442042655,0.02782772479701756,2564692.7404404185,2564776.506191775,,,,,
meanItemRT,IAS (mean),gpt2_small,Smean,cosine_std,7,-4.8547582926176425,0.08400220085626486,0.3321871122435872,0.12217090350706505,0.33183840764845296,0.12184038824120502,2530515.765012804,2531950.2535047913,,,,,
meanItemRT,Surprisal + IAS (mean),gpt2_small,Smean,cosine_std,7,-4.845383516247518,0.09337697722638971,0.3445916520219472,0.13457544328542503,0.34424690686855086,0.13424888746130292,2525631.744066011,2527076.7032769183,,,,,
meanItemRT,IAS (min),gpt2_small,Smin,cosine_std,7,-4.891570936403134,0.04718955707077299,0.28116394494203767,0.07114773620551551,0.28078859813435775,0.07079057872710981,2549702.073202077,2551136.561694064,,,,,
meanItemRT,Surprisal + IAS (min),gpt2_small,Smin,cosine_std,7,-4.884423067193268,0.054337426280639534,0.2913671323362077,0.08135092359968554,0.2909943910560301,0.08099637164878215,2545978.6895443248,2547423.648755232,,,,,
meanItemRT,Surprisal,gpt2_medium,,,7,-4.9186919832101035,0.02006851026380385,0.24109590881596843,0.03107970007944627,0.24107552272984611,0.031077503322598177,2563579.2373453076,2563663.0030966643,,,,,
meanItemRT,IAS (mean),gpt2_medium,Smean,cosine_std,7,-4.8555874889405874,0.08317300453331988,0.3310786974222564,0.12106248868573422,0.33072941405820555,0.12073139465095761,2530947.932185967,2532382.4206779543,,,,,
meanItemRT,Surprisal + IAS (mean),gpt2_medium,Smean,cosine_std,7,-4.842959336462094,0.09580115701181313,0.34776161658515314,0.13774540784863099,0.34741853883486973,0.1374205194276218,2524368.290652006,2525813.249862913,,,,,
meanItemRT,IAS (min),gpt2_medium,Smin,cosine_std,7,-4.891076899484368,0.047683593989539474,0.28187385726086756,0.0718576485243454,0.281498881140385,0.07150086173313708,2549444.5870884587,2550879.075580446,,,,,
meanItemRT,Surprisal + IAS (min),gpt2_medium,Smin,cosine_std,7,-4.884296279267748,0.05446421420615977,0.29154680173776204,0.08153059300123988,0.29117415496378907,0.08117613555654113,2545912.6091989987,2547357.568409906,,,,,
meanItemRT,Surprisal,gpt2_large,,,7,-4.919904777371246,0.018855716102661013,0.23925288561046976,0.029236676873947598,0.23923245001607596,0.02923443060882802,2564211.331108565,2564295.0968599217,,,,,
meanItemRT,IAS (mean),gpt2_large,Smean,cosine_std,7,-4.839284867505576,0.09947562596833137,0.35253730635224534,0.14252109761572318,0.3521992277967214,0.14220120838947348,2522451.2015254963,2523885.6900174837,,,,,
meanItemRT,Surprisal + IAS (mean),gpt2_large,Smean,cosine_std,7,-4.823820713791833,0.11493977968207414,0.37225573104216636,0.1622395223056442,0.3719255372096295,0.16192751780238157,2514393.470179738,2515838.429390645,,,,,
meanItemRT,IAS (min),gpt2_large,Smin,cosine_std,7,-4.881112648565235,0.05764784490867214,0.29604337781505574,0.08602716907853358,0.2956758004390698,0.08567778103182189,2544251.339080418,2545685.8275724053,,,,,
meanItemRT,Surprisal + IAS (min),gpt2_large,Smin,cosine_std,7,-4.871653429649973,0.06710706382393461,0.30923595248118985,0.09921974374466769,0.3088726102102878,0.09887459080303984,2539323.30769241,2540768.266903317,,,,,
meanItemRT,Surprisal,gpt2_xl,,,7,-4.922564071099767,0.016196422374139985,0.23519600668043772,0.02517979794391556,0.2351754621080001,0.025177442700752173,2565597.3230883456,2565681.0888397023,,,,,
meanItemRT,IAS (mean),gpt2_xl,Smean,cosine_std,7,-4.846574597851893,0.09218589562201451,0.34302850126783646,0.1330122925313143,0.34268545760294145,0.1326874381956935,2526250.5215052324,2527685.00999722,,,,,
meanItemRT,Surprisal + IAS (mean),gpt2_xl,Smean,cosine_std,7,-4.835473756059001,0.10328673741490668,0.35745365077909863,0.14743744204257647,0.35711567104415975,0.14711765163691182,2520466.895972878,2521911.8551837853,,,,,
meanItemRT,IAS (min),gpt2_xl,Smin,cosine_std,7,-4.885818809390544,0.05294168408336297,0.289386231203694,0.07937002246717184,0.2890151777378386,0.07901715833059064,2546704.133628639,2548138.6221206263,,,,,
meanItemRT,Surprisal + IAS (min),gpt2_xl,Smin,cosine_std,7,-4.879190362272497,0.059570131201410526,0.2987445943074627,0.08872838557094054,0.2983757335763608,0.08837771416911289,2543251.466532078,2544696.425742985,,,,,
meanItemRT,Baseline,,,,8,-4.936922304643562,,0.21093319670467148,,0.21091502848899002,,2573078.662112569,2573151.9571450064,,,,,
meanItemRT,Surprisal,gpt2_small,,,8,-4.919472393147012,0.017449911496550286,0.23799648954141328,0.027063292836741804,0.23797602019703867,0.027060991708048654,2563985.9776395047,2564069.7433908614,,,,,
meanItemRT,IAS (mean),gpt2_small,Smean,cosine_std,8,-4.853441613433272,0.08348069121028967,0.33226619196697493,0.12133299526230346,0.3319175286640401,0.1210025001750501,2529829.5276220604,2531264.0161140477,,,,,
meanItemRT,Surprisal + IAS (mean),gpt2_small,Smean,cosine_std,8,-4.84432251979916,0.09259978484440179,0.34433406364036956,0.13340086693569808,0.3439891829953421,0.13307415450635207,2525078.765449085,2526523.724659992,,,,,
meanItemRT,IAS (min),gpt2_small,Smin,cosine_std,8,-4.890200310631367,0.04672199401219501,0.2813266107609579,0.07039341405628641,0.28095134889072015,0.07003632040173013,2548987.7194973407,2550422.207989328,,,,,
meanItemRT,Surprisal + IAS (min),gpt2_small,Smin,cosine_std,8,-4.883368613320032,0.05355369132352994,0.2910793493982159,0.08014615269354441,0.2907064567440538,0.0797914282550638,2545429.1208390407,2546874.080049948,,,,,
meanItemRT,Surprisal,gpt2_medium,,,8,-4.917339182185779,0.019583122457783375,0.24124059274609844,0.03030739604142696,0.24122021054655296,0.03030518205756294,2562874.1736850417,2562957.9394363984,,,,,
meanItemRT,IAS (mean),gpt2_medium,Smean,cosine_std,8,-4.854265062064198,0.08265724257936391,0.33116559695220105,0.12023240024752957,0.330816358963533,0.11990133047454299,2530258.699167115,2531693.1876591025,,,,,
meanItemRT,Surprisal + IAS (mean),gpt2_medium,Smean,cosine_std,8,-4.841762683708841,0.09515962093472119,0.34768228009596525,0.13674908339129377,0.34733916061464465,0.13642413212565463,2523744.6095968434,2525189.5688077505,,,,,
meanItemRT,IAS (min),gpt2_medium,Smin,cosine_std,8,-4.889906985223791,0.04701531941977066,0.2817480974456926,0.07081490074102115,0.2813730556585746,0.0704580271695846,2548834.8418148174,2550269.3303068047,,,,,
meanItemRT,Surprisal + IAS (min),gpt2_medium,Smin,cosine_std,8,-4.883445913055719,0.0534763915878429,0.29096974216799687,0.08003654546332539,0.29059679186037113,0.07968176337138111,2545469.408533684,2546914.367744591,,,,,
meanItemRT,Surprisal,gpt2_large,,,8,-4.918417925086056,0.01850437955750639,0.23960181291240967,0.028668616207738196,0.23958138669108697,0.028666358202096953,2563436.4015397513,2563520.167291108,,,,,
meanItemRT,IAS (mean),gpt2_large,Smean,cosine_std,8,-4.838235957923731,0.09868634671983134,0.3522671828383197,0.14133398613364823,0.3519289632353373,0.14101393474634727,2521904.5224383534,2523339.0109303407,,,,,
meanItemRT,Surprisal + IAS (mean),gpt2_large,Smean,cosine_std,8,-4.822775664538608,0.11414664010495379,0.37198898547926784,0.16105578877459636,0.37165865133841747,0.16074362284942745,2513848.803049548,2515293.762260455,,,,,
meanItemRT,IAS (min),gpt2_large,Smin,cosine_std,8,-4.879767651208598,0.05715465343496362,0.29616660121420424,0.08523340450953276,0.295799088180441,0.08488405969145096,2543550.342598107,2544984.8310900945,,,,,
meanItemRT,Surprisal + IAS (min),gpt2_large,Smin,cosine_std,8,-4.870570897352193,0.06635140729136868,0.30899423204703036,0.09806103534235888,0.3086307626310463,0.09771573414205625,2538759.104849195,2540204.064060102,,,,,
meanItemRT,Surprisal,gpt2_xl,,,8,-4.92101276974562,0.01590953489794167,0.2356453249709961,0.02471212826632463,0.23562479246838586,0.024709763979395838,2564788.80343818,2564872.569189537,,,,,
meanItemRT,IAS (mean),gpt2_xl,Smean,cosine_std,8,-4.845129553704043,0.09179275093951933,0.3432749198236007,0.13234172311892922,0.3429320048284038,0.13201697633941378,2525497.3818359026,2526931.87032789,,,,,
meanItemRT,Surprisal + IAS (mean),gpt2_xl,Smean,cosine_std,8,-4.834092462179782,0.10282984246378035,0.3576127592156574,0.1466795625109859,0.3572748631718441,0.14635983468285407,2519746.982178556,2521191.941389463,,,,,
meanItemRT,IAS (min),gpt2_xl,Smin,cosine_std,8,-4.883992853658769,0.05292945098479329,0.2901937229353274,0.07926052623065594,0.28982309110865045,0.07890806261966044,2545752.4674127065,2547186.955904694,,,,,
meanItemRT,Surprisal + IAS (min),gpt2_xl,Smin,cosine_std,8,-4.877542460528501,0.05937984411506125,0.29929196855615814,0.08835877185148666,0.29892339574421367,0.08800836725522365,2542392.599917928,2543837.5591288353,,,,,
meanItemRT,Baseline,,,,9,-4.939016147361692,,0.2092281499217591,,0.2092099425173488,,2574179.8258434404,2574253.1209027395,,,,,
meanItemRT,Surprisal,gpt2_small,,,9,-4.9212096974982495,0.017806449863442708,0.23689426919258705,0.02766611927082796,0.23687377031844659,0.027663827801097773,2564901.2822391125,2564985.0480211684,,,,,
meanItemRT,IAS (mean),gpt2_small,Smean,cosine_std,9,-4.8554173729155865,0.08359877444610575,0.3309813447569565,0.12175319483519742,0.33063201190055336,0.12142206938320455,2530868.9805898746,2532303.4696075832,,,,,
meanItemRT,Surprisal + IAS (mean),gpt2_small,Smean,cosine_std,9,-4.84608619915737,0.09292994820432199,0.34335102078921986,0.13412287086746078,0.343005624389231,0.13379568187188218,2526007.6661388297,2527452.625879295,,,,,
meanItemRT,IAS (min),gpt2_small,Smin,cosine_std,9,-4.892089408028422,0.046926739333270184,0.2800685384183589,0.0708403884965998,0.27969262107746284,0.07048267856011403,2549982.0785703333,2551416.567588042,,,,,
meanItemRT,Surprisal + IAS (min),gpt2_small,Smin,cosine_std,9,-4.885080784265611,0.05393536309608127,0.29008959800024525,0.08086144807848616,0.2897161861699854,0.08050624365263659,2546331.253951394,2547776.2136918595,,,,,
meanItemRT,Surprisal,gpt2_medium,,,9,-4.91902326397476,0.019992883386931837,0.2402239436785063,0.030995793756747214,0.24020353424751306,0.03099359173016425,2563761.7349510053,2563845.500733061,,,,,
meanItemRT,IAS (mean),gpt2_medium,Smean,cosine_std,9,-4.856312440658627,0.08270370670306537,0.3297826381178287,0.12055448819606962,0.3294326793482152,0.12022273683086637,2531335.4809468696,2532769.9699645783,,,,,
meanItemRT,Surprisal + IAS (mean),gpt2_medium,Smean,cosine_std,9,-4.843537256747937,0.09547889061375514,0.3466900234947854,0.1374618735730263,0.34634638340532253,0.13713644088797372,2524679.182844457,2526124.1425849227,,,,,
meanItemRT,IAS (min),gpt2_medium,Smin,cosine_std,9,-4.891824228536391,0.04719191882530094,0.2804502593034863,0.07122210938172724,0.2800745412808695,0.07086459876352069,2549843.869670882,2551278.3586885906,,,,,
meanItemRT,Surprisal + IAS (min),gpt2_medium,Smin,cosine_std,9,-4.885169632296947,0.05384651506474558,0.28996343850822703,0.08073528858646795,0.28958996031825945,0.08038001780091064,2546377.5606568456,2547822.520397311,,,,,
meanItemRT,Surprisal,gpt2_large,,,9,-4.920066473402104,0.018949673959588687,0.23863707773135434,0.029408927809595253,0.2386166256732859,0.029406683155937086,2564305.4452724424,2564389.2110544983,,,,,
meanItemRT,IAS (mean),gpt2_large,Smean,cosine_std,9,-4.840124358071417,0.09889178929027498,0.35113420022312714,0.14190605030136805,0.35079539032375884,0.14158544780641003,2522898.414183242,2524332.9032009505,,,,,
meanItemRT,Surprisal + IAS (mean),gpt2_large,Smean,cosine_std,9,-4.824432581244802,0.11458356611688991,0.37118168873215296,0.16195353881039387,0.3708509312226842,0.1616409887053354,2514722.0170189785,2516166.976759444,,,,,
meanItemRT,IAS (min),gpt2_large,Smin,cosine_std,9,-4.881805340833186,0.05721080652850663,0.2947249413461981,0.085496791424439,0.2943566769504916,0.0851467344331428,2544622.125588848,2546056.6146065565,,,,,
meanItemRT,Surprisal + IAS (min),gpt2_large,Smin,cosine_std,9,-4.8722658946998845,0.06675025266180779,0.30805325914448434,0.09882510922272525,0.30768929617363994,0.09847935365629112,2539652.2616586327,2541097.221399098,,,,,
meanItemRT,Surprisal,gpt2_xl,,,9,-4.92275397145235,0.016262175909342425,0.23453373715232195,0.025305587230562865,0.23451317486855516,0.02530323235120635,2565706.1423812504,2565789.9081633063,,,,,
meanItemRT,IAS (mean),gpt2_xl,Smean,cosine_std,9,-4.847476809553862,0.09153933780783063,0.3415221929864515,0.1322940430646924,0.3411783641090361,0.1319684215916873,2526730.438371377,2528164.9273890858,,,,,
meanItemRT,Surprisal + IAS (mean),gpt2_xl,Smean,cosine_std,9,-4.836171753476261,0.1028443938854311,0.3562433988577094,0.1470152489359503,0.35590478382967594,0.14669484131232713,2520840.3561942927,2522285.315934758,,,,,
meanItemRT,IAS (min),gpt2_xl,Smin,cosine_std,9,-4.886120603704994,0.052895543656698685,0.2886117045180272,0.07938355459626811,0.28824024805216497,0.07903030553481616,2546871.1974450056,2548305.6864627143,,,,,
meanItemRT,Surprisal + IAS (min),gpt2_xl,Smin,cosine_std,9,-4.879578089271932,0.05943805808976066,0.29785960443064796,0.08863145450888887,0.2974902796123746,0.08828033709502581,2543463.304347638,2544908.2640881035,,,,,
sdItemRT,Baseline,,,,0,-5.531102220509841,,0.1090380395102194,,0.10901752516467278,,2882758.1041030833,2882831.3991355207,,,,,
sdItemRT,Surprisal,gpt2_small,,,0,-5.5263315749012145,0.004770645608626722,0.11749854080117417,0.00846050129095477,0.1174748345766864,0.008457309412013614,2880273.700859614,2880357.466610971,,,,,
sdItemRT,IAS (mean),gpt2_small,Smean,cosine_std,0,-5.485296679542534,0.045805540967307046,0.18703289166909498,0.07799485215887558,0.18660839347272096,0.07759086830804818,2859144.8058174145,2860579.294309402,,,,,
sdItemRT,Surprisal + IAS (mean),gpt2_small,Smean,cosine_std,0,-5.479951802772311,0.051150417737530596,0.19567702554908184,0.08663898603886244,0.19525395121982947,0.08623642605515669,2856361.120183295,2857806.079394202,,,,,
sdItemRT,IAS (min),gpt2_small,Smin,cosine_std,0,-5.505051190903373,0.026051029606468212,0.15427041054908264,0.04523237103886324,0.153828805124136,0.04481127995946321,2869440.620084547,2870875.1085765343,,,,,
sdItemRT,Surprisal + IAS (min),gpt2_small,Smin,cosine_std,0,-5.502458085244696,0.028644135265145643,0.15864518884933532,0.04960714933911592,0.1582026357535048,0.049185110588832015,2868091.1245325124,2869536.0837434195,,,,,
sdItemRT,Surprisal,gpt2_medium,,,0,-5.525537367381666,0.005564853128174896,0.11889920667697651,0.009861167166757112,0.11887553807792195,0.00985801291324917,2879859.769430916,2879943.5351822725,,,,,
sdItemRT,IAS (mean),gpt2_medium,Smean,cosine_std,0,-5.487064779453831,0.04403744105600982,0.1841529885694222,0.0751149490592028,0.1837269866053569,0.07470946144068413,2860066.3182739834,2861500.806765971,,,,,
sdItemRT,Surprisal + IAS (mean),gpt2_medium,Smean,cosine_std,0,-5.480323840474249,0.05077838003559254,0.19507832589573426,0.08604028638551486,0.19465493665013323,0.08563741148546045,2856555.021769093,2857999.98098,,,,,
sdItemRT,IAS (min),gpt2_medium,Smin,cosine_std,0,-5.50338185994545,0.0277203605643912,0.15708930743017369,0.04805126791995429,0.1566491739179644,0.04763164875329162,2868570.5848212494,2870005.0733132367,,,,,
sdItemRT,Surprisal + IAS (min),gpt2_medium,Smin,cosine_std,0,-5.501720096710418,0.029382123799423177,0.15988609325861258,0.050848053748393185,0.15944419287918743,0.05042666771451465,2867706.493764309,2869151.4529752163,,,,,
sdItemRT,Surprisal,gpt2_large,,,0,-5.526026195721263,0.0050760247885781595,0.1180373713805779,0.008999331870358507,0.11801367963044429,0.008996154465771511,2880114.540895574,2880198.3066469305,,,,,
sdItemRT,IAS (mean),gpt2_large,Smean,cosine_std,0,-5.484337017269612,0.046765203240228814,0.18859174294575554,0.07955370343553614,0.18816805871780473,0.07915053355313195,2858644.6413567145,2860079.129848702,,,,,
sdItemRT,Surprisal + IAS (mean),gpt2_large,Smean,cosine_std,0,-5.4762339869682,0.054868233541641054,0.20163549493651745,0.09259745542629805,0.20121555476545716,0.09219802960078438,2854423.439199982,2855868.3984108893,,,,,
sdItemRT,IAS (min),gpt2_large,Smin,cosine_std,0,-5.500484609917243,0.030617610592598155,0.1619594298967293,0.05292139038650989,0.16152183936342035,0.05250431419874757,2867060.572873548,2868495.0613655355,,,,,
sdItemRT,Surprisal + IAS (min),gpt2_large,Smin,cosine_std,0,-5.497958950216665,0.03314327029317621,0.1661819668176988,0.057143927307479414,0.16574337807124662,0.05672585290657384,2865746.2293455233,2867191.1885564304,,,,,
sdItemRT,Surprisal,gpt2_xl,,,0,-5.526964397894556,0.00413782261528528,0.11638089925094619,0.007342859740726793,0.11635716300377552,0.007339637839102742,2880603.5206098678,2880687.2863612245,,,,,
sdItemRT,IAS (mean),gpt2_xl,Smean,cosine_std,0,-5.484313226375229,0.04678899413461224,0.18863035028356312,0.07959231077334372,0.1882066862147862,0.07918916105011342,2858632.241828053,2860066.73032004,,,,,
sdItemRT,Surprisal + IAS (mean),gpt2_xl,Smean,cosine_std,0,-5.47857149866474,0.05253072184510099,0.19789438412257931,0.08885634461235992,0.1974724761251625,0.08845495096048972,2855641.722246079,2857086.681456986,,,,,
sdItemRT,IAS (min),gpt2_xl,Smin,cosine_std,0,-5.502524156570806,0.028578063939034948,0.1585340026470844,0.049495963136864995,0.15809462349566983,0.04907709833099705,2868123.5601148256,2869558.048606813,,,,,
sdItemRT,Surprisal + IAS (min),gpt2_xl,Smin,cosine_std,0,-5.501000223671063,0.0301019968387779,0.16109477365632974,0.05205673414611034,0.16065350904346198,0.051635983878789204,2867331.304574674,2868776.263785581,,,,,
sdItemRT,Baseline,,,,1,-5.530857519788132,,0.1083019676802236,,0.10828143638666743,,2882630.5690233367,2882703.864055774,,,,,
sdItemRT,Surprisal,gpt2_small,,,1,-5.526116151770643,0.00474136801748859,0.11671773940907881,0.008415771728855215,0.11669401221028797,0.008412575823620538,2880161.424909038,2880245.1906603947,,,,,
sdItemRT,IAS (mean),gpt2_small,Smean,cosine_std,1,-5.4853250098093715,0.04553250997876024,0.18591683709154916,0.07761486941132556,0.18549175613709012,0.0772103197504227,2859159.571212527,2860594.059704514,,,,,
sdItemRT,Surprisal + IAS (mean),gpt2_small,Smean,cosine_std,1,-5.4800109064929385,0.050846613295193244,0.19452326470354708,0.08622129702332348,0.1940995834954521,0.08581814710878466,2856391.924333242,2857836.883544149,,,,,
sdItemRT,IAS (min),gpt2_small,Smin,cosine_std,1,-5.5047893350340615,0.026068184754070245,0.1536007483319275,0.045298780651703896,0.15315879323674153,0.0448773568500741,2869304.1439477326,2870738.63243972,,,,,
sdItemRT,Surprisal + IAS (min),gpt2_small,Smin,cosine_std,1,-5.502316917412054,0.028540602376077473,0.15777572239568294,0.04947375471545934,0.15733271196001708,0.04905127557334965,2868017.549552154,2869462.508763061,,,,,
sdItemRT,Surprisal,gpt2_medium,,,1,-5.525337157166692,0.005520362621440178,0.11809281218616652,0.00979084450594292,0.11806912192531338,0.009787685538645952,2879755.4222693937,2879839.1880207504,,,,,
sdItemRT,IAS (mean),gpt2_medium,Smean,cosine_std,1,-5.4872156420139175,0.043641877774214244,0.18283274619464795,0.07453077851442436,0.18240605485397554,0.07412461846730811,2860144.9460299495,2861579.434521937,,,,,
sdItemRT,Surprisal + IAS (mean),gpt2_medium,Smean,cosine_std,1,-5.480455985665417,0.050401534122714864,0.1938059436486862,0.0855039759684626,0.19338188512931975,0.08510044874265232,2856623.894256987,2858068.8534678943,,,,,
sdItemRT,IAS (min),gpt2_medium,Smin,cosine_std,1,-5.503083597973462,0.027773921814669755,0.1564832978080476,0.048181330127823996,0.15604284786238243,0.047761411475715,2868415.1342605925,2869849.62275258,,,,,
sdItemRT,Surprisal + IAS (min),gpt2_medium,Smin,cosine_std,1,-5.501478550784429,0.029378969003702515,0.1591867245825075,0.05088475690228389,0.15874445633477208,0.05046301994810465,2867580.602926235,2869025.5621371423,,,,,
sdItemRT,Surprisal,gpt2_large,,,1,-5.5258347536109635,0.005022766177168236,0.11721470755512942,0.008912739874905817,0.1171909937061617,0.008909557319494277,2880014.763564991,2880098.5293163476,,,,,
sdItemRT,IAS (mean),gpt2_large,Smean,cosine_std,1,-5.484154586615297,0.046702933172834804,0.18782025205285702,0.07951828437263342,0.18739616498389433,0.0791147285972269,2858549.5606888533,2859984.0491808406,,,,,
sdItemRT,Surprisal + IAS (mean),gpt2_large,Smean,cosine_std,1,-5.476063037138232,0.054794482649899834,0.20085805670010626,0.09255608901988266,0.2004377075961038,0.09215627120943637,2854334.342200001,2855779.301410908,,,,,
sdItemRT,IAS (min),gpt2_large,Smin,cosine_std,1,-5.50072080495757,0.030136714830561573,0.16046000501722113,0.05215803733699753,0.16002163154552462,0.051740195158857194,2867183.6748942262,2868618.1633862136,,,,,
sdItemRT,Surprisal + IAS (min),gpt2_large,Smin,cosine_std,1,-5.498238974252616,0.032618545535515686,0.1646168721171848,0.05631490443696119,0.16417746013005474,0.05589602374338731,2865892.1745127724,2867337.1337236795,,,,,
sdItemRT,Surprisal,gpt2_xl,,,1,-5.526770774061545,0.004086745726587182,0.11556054953812334,0.007258581857899737,0.11553679125428151,0.007255354867614083,2880502.606191588,2880586.371942945,,,,,
sdItemRT,IAS (mean),gpt2_xl,Smean,cosine_std,1,-5.484391220175446,0.04646629961268545,0.1874357831113267,0.0791338154311031,0.18701149528839678,0.07873005890172935,2858672.8912608004,2860107.3797527878,,,,,
sdItemRT,Surprisal + IAS (mean),gpt2_xl,Smean,cosine_std,1,-5.478737839928841,0.05211967985929089,0.1965715070480012,0.0882695393677776,0.1961489032165118,0.08786746682984437,2855728.4173168326,2857173.3765277397,,,,,
sdItemRT,IAS (min),gpt2_xl,Smin,cosine_std,1,-5.5023130463233185,0.028544473464813258,0.15778224302017296,0.049480275339949364,0.15734247133060708,0.04906103494393965,2868013.5319871577,2869448.020479145,,,,,
sdItemRT,Surprisal + IAS (min),gpt2_xl,Smin,cosine_std,1,-5.5008021423031055,0.03005537748502629,0.16032342199870275,0.052021454318479154,0.15988175165443663,0.0516003152677692,2867228.066942671,2868673.026153578,,,,,
sdItemRT,Baseline,,,,2,-5.532100010221561,,0.10852733737435527,,0.10850681126992268,,2883278.1401273552,2883351.4351597927,,,,,
sdItemRT,Surprisal,gpt2_small,,,2,-5.527301394187766,0.004798616033795611,0.1170420830489447,0.00851474567458943,0.11701836456284553,0.008511553292922858,2880779.159033933,2880862.92478529,,,,,
sdItemRT,IAS (mean),gpt2_small,Smean,cosine_std,2,-5.486521113988949,0.045578896232612465,0.18619809218117012,0.07767075480681485,0.18577315808662342,0.07726634681670075,2859782.966357672,2861217.4548496595,,,,,
sdItemRT,Surprisal + IAS (mean),gpt2_small,Smean,cosine_std,2,-5.481100292840006,0.050999717381555065,0.1949733861134716,0.08644604873911632,0.19454994166948703,0.08604313039956435,2856959.699424697,2858404.658635604,,,,,
sdItemRT,IAS (min),gpt2_small,Smin,cosine_std,2,-5.506307492636404,0.025792517585156993,0.1533480094539581,0.04482067207960283,0.15290592238886003,0.04439911111893735,2870095.3894721824,2871529.8779641697,,,,,
sdItemRT,Surprisal + IAS (min),gpt2_small,Smin,cosine_std,2,-5.5037634829228965,0.02833652729866465,0.1576448507541489,0.04911751337979364,0.1572017714799273,0.048694960210004634,2868771.4821376186,2870216.4413485257,,,,,
sdItemRT,Surprisal,gpt2_medium,,,2,-5.526499013997745,0.005600996223816601,0.1184578826179018,0.009930545243546529,0.1184342021637651,0.009927390893842425,2880360.9681074563,2880444.733858813,,,,,
sdItemRT,IAS (mean),gpt2_medium,Smean,cosine_std,2,-5.487947460168296,0.04415255005326557,0.18387325124578324,0.07534591387142797,0.183447103214321,0.07494029194439833,2860526.3608701937,2861960.849362181,,,,,
sdItemRT,Surprisal + IAS (mean),gpt2_medium,Smean,cosine_std,2,-5.481097698194262,0.051002312027299546,0.1949775636203923,0.08645022624603704,0.1945541213737787,0.08604731010385602,2856958.347126471,2858403.306337378,,,,,
sdItemRT,IAS (min),gpt2_medium,Smin,cosine_std,2,-5.504244851118896,0.027855159102665006,0.1568334942984192,0.048306156924063925,0.1563932272110481,0.047886415941125415,2869020.365464955,2870454.8539569424,,,,,
sdItemRT,Surprisal + IAS (min),gpt2_medium,Smin,cosine_std,2,-5.502622901926131,0.029477108295430376,0.15956420928949777,0.0510368719151425,0.15912213959892685,0.05061532832900417,2868177.025009076,2869621.984219983,,,,,
sdItemRT,Surprisal,gpt2_large,,,2,-5.5269886351036215,0.005111375117939687,0.11759421656501978,0.009066879190664512,0.11757051291062537,0.009063701640702693,2880616.1527523864,2880699.918503743,,,,,
sdItemRT,IAS (mean),gpt2_large,Smean,cosine_std,2,-5.485817810582327,0.046282199639233745,0.18734198679585756,0.07881464942150229,0.18691764999632532,0.07841083872640264,2859416.4130617823,2860850.9015537696,,,,,
sdItemRT,Surprisal + IAS (mean),gpt2_large,Smean,cosine_std,2,-5.477655899697311,0.054444110524250355,0.20049998477651276,0.09197264740215749,0.20007944732648053,0.09157263605655785,2855164.523051442,2856609.482262349,,,,,
sdItemRT,IAS (min),gpt2_large,Smin,cosine_std,2,-5.501602725320122,0.03049728490143888,0.1612772469592625,0.05274990958490722,0.16083930021790582,0.05233248894798315,2867643.321204144,2869077.8096961314,,,,,
sdItemRT,Surprisal + IAS (min),gpt2_large,Smin,cosine_std,2,-5.499072044407184,0.0330279658143775,0.16551160144444776,0.056984264070092494,0.16507266008543853,0.05656584881551585,2866326.360680491,2867771.3198913983,,,,,
sdItemRT,Surprisal,gpt2_xl,,,2,-5.527922997387163,0.004177012834397864,0.11594370150062405,0.007416364126268782,0.11591995350921436,0.007413142239291681,2881103.131162221,2881186.896913578,,,,,
sdItemRT,IAS (mean),gpt2_xl,Smean,cosine_std,2,-5.485163729384468,0.04693628083709278,0.18840438040598795,0.07987704303163268,0.18798059834497682,0.07947378707505415,2859075.5137904324,2860510.0022824197,,,,,
sdItemRT,Surprisal + IAS (mean),gpt2_xl,Smean,cosine_std,2,-5.479432942246974,0.05266706797458731,0.19765343824753567,0.0891261008731804,0.19723140351245538,0.08872459224253271,2856090.6963038156,2857535.6555147227,,,,,
sdItemRT,IAS (min),gpt2_xl,Smin,cosine_std,2,-5.503403115717492,0.028696894504069093,0.15825174636472938,0.049724408990374114,0.15781221983062055,0.04930540856069787,2868581.6630745684,2870016.1515665557,,,,,
sdItemRT,Surprisal + IAS (min),gpt2_xl,Smin,cosine_std,2,-5.501847109134759,0.030252901086802453,0.1608672062285652,0.05233986885420994,0.16042582191510468,0.05191901064518201,2867772.6911157267,2869217.650326634,,,,,
sdItemRT,Baseline,,,,3,-5.531410400505698,,0.10839671609224133,,0.10837618698026164,,2882918.7238187636,2882992.018851201,,,,,
sdItemRT,Surprisal,gpt2_small,,,3,-5.526579143506855,0.004831256998842903,0.11697035713422099,0.008573641041979663,0.11694663672138206,0.008570449741120423,2880402.730646051,2880486.4963974077,,,,,
sdItemRT,IAS (mean),gpt2_small,Smean,cosine_std,3,-5.48543159804354,0.04597880246215791,0.18672957546598268,0.07833285937374135,0.18630491889028444,0.07792873191002281,2859215.1237211167,2860649.612213104,,,,,
sdItemRT,Surprisal + IAS (mean),gpt2_small,Smean,cosine_std,3,-5.480013296117898,0.05139710438780032,0.19549508492482792,0.08709836883258659,0.19507191489470654,0.08669572791444491,2856393.169777095,2857838.128988002,,,,,
sdItemRT,IAS (min),gpt2_small,Smin,cosine_std,3,-5.505327652071385,0.026082748434313352,0.1537153338668502,0.04531861777460888,0.15327343860354725,0.04489725162328562,2869584.708327781,2871019.1968197683,,,,,
sdItemRT,Surprisal + IAS (min),gpt2_small,Smin,cosine_std,3,-5.50274775276167,0.028662647744027936,0.15807074613070637,0.049674030038465045,0.15762789087768825,0.04925170389742661,2868242.095766349,2869687.0549772563,,,,,
sdItemRT,Surprisal,gpt2_medium,,,3,-5.525820776698409,0.005589623807289001,0.11830866269526874,0.00991194660302741,0.118284978232707,0.00990879125244537,2880007.4789658906,2880091.2447172473,,,,,
sdItemRT,IAS (mean),gpt2_medium,Smean,cosine_std,3,-5.487603058815511,0.04380734169018741,0.18318992516995325,0.07479320907771192,0.1827634203335431,0.07438723335328146,2860346.8630179386,2861781.351509926,,,,,
sdItemRT,Surprisal + IAS (mean),gpt2_medium,Smean,cosine_std,3,-5.4807675934305475,0.050642807075150564,0.19428049720395613,0.0858837811117148,0.19385668830002212,0.08548050131976048,2856786.3004848803,2858231.2596957874,,,,,
sdItemRT,IAS (min),gpt2_medium,Smin,cosine_std,3,-5.503426148106473,0.027984252399225085,0.15692764906129186,0.04853093296905053,0.1564874311376896,0.04811124415742796,2868593.6672793166,2870028.155771304,,,,,
sdItemRT,Surprisal + IAS (min),gpt2_medium,Smin,cosine_std,3,-5.501734193247444,0.029676207258254372,0.15977570827734855,0.05137899218510722,0.1593337498353622,0.05095756285510056,2867713.840710249,2869158.799921156,,,,,
sdItemRT,Surprisal,gpt2_large,,,3,-5.526309940384333,0.005100460121364669,0.11744565784458738,0.009048941752346051,0.11742195019952939,0.009045763219267755,2880262.42520903,2880346.190960387,,,,,
sdItemRT,IAS (mean),gpt2_large,Smean,cosine_std,3,-5.484939768445092,0.046470632060605865,0.18752916307341216,0.07913244698117083,0.18710492400968182,0.07872873702942018,2858958.788036361,2860393.276528348,,,,,
sdItemRT,Surprisal + IAS (mean),gpt2_large,Smean,cosine_std,3,-5.476757582821172,0.054652817684526234,0.20071654160886476,0.09231982551662343,0.20029611806784609,0.09191993108758445,2854696.331075401,2856141.290286308,,,,,
sdItemRT,IAS (min),gpt2_large,Smin,cosine_std,3,-5.5011155577176565,0.03029484278804162,0.16081465061781874,0.052417934525577414,0.16037646232755975,0.05200027534729812,2867389.41529575,2868823.9037877372,,,,,
sdItemRT,Surprisal + IAS (min),gpt2_large,Smin,cosine_std,3,-5.498585210708177,0.03282518979752069,0.16505078297059506,0.056654066878353726,0.1646115992208138,0.056235412240552174,2866072.6287985737,2867517.588009481,,,,,
sdItemRT,Surprisal,gpt2_xl,,,3,-5.5272031950116824,0.004207205494015653,0.11586755711861108,0.0074708410263697456,0.11584380708177044,0.0074676201015088095,2880727.9788017487,2880811.7445531054,,,,,
sdItemRT,IAS (mean),gpt2_xl,Smean,cosine_std,3,-5.484693087428017,0.04671731307768123,0.18792990647428653,0.0795331903820452,0.18750587666238094,0.07912968968211931,2858830.220850433,2860264.7093424206,,,,,
sdItemRT,Surprisal + IAS (mean),gpt2_xl,Smean,cosine_std,3,-5.478943474170505,0.05246692633519334,0.19721459872507863,0.0888178826328373,0.19679233316016687,0.08841614617990523,2855835.591415977,2857280.550626884,,,,,
sdItemRT,IAS (min),gpt2_xl,Smin,cosine_std,3,-5.5026913496395515,0.028719050866146567,0.158165715651008,0.04976899955876668,0.15772614419517672,0.049349957214915086,2868210.6991359387,2869645.187627926,,,,,
sdItemRT,Surprisal + IAS (min),gpt2_xl,Smin,cosine_std,3,-5.5010843380255565,0.03032606248014158,0.16086704719847433,0.052470331106233004,0.16042566280136394,0.05204947582110231,2867375.143966864,2868820.103177771,,,,,
sdItemRT,Baseline,,,,4,-5.530641762713312,,0.10860782229836419,,0.1085872980470921,,2882518.119025026,2882591.4140574634,,,,,
sdItemRT,Surprisal,gpt2_small,,,4,-5.525768489974008,0.0048732727393039355,0.11725361494970687,0.008645792651342687,0.11722990214589035,0.008642604098798246,2879980.2277525733,2880063.99350393,,,,,
sdItemRT,IAS (mean),gpt2_small,Smean,cosine_std,4,-5.484644320927746,0.045997441785566195,0.18695244456472893,0.07834462226636474,0.18652790436216504,0.07794060631507294,2858804.80433569,2860239.2928276774,,,,,
sdItemRT,Surprisal + IAS (mean),gpt2_small,Smean,cosine_std,4,-5.479275189286464,0.05136657342684803,0.19563645423896703,0.08702863194060284,0.1952133585691831,0.08662606052209099,2856008.4773538336,2857453.4365647407,,,,,
sdItemRT,IAS (min),gpt2_small,Smin,cosine_std,4,-5.504523047775653,0.026118714937659604,0.15397656911592283,0.04536874681755865,0.15353481025898974,0.04494751221189763,2869165.3582240967,2870599.846716084,,,,,
sdItemRT,Surprisal + IAS (min),gpt2_small,Smin,cosine_std,4,-5.501960254738444,0.028681507974868126,0.15830184078641352,0.04969401848804933,0.15785910708931206,0.04927180904221995,2867831.66124662,2869276.620457527,,,,,
sdItemRT,Surprisal,gpt2_medium,,,4,-5.524929654177795,0.005712108535517402,0.11873333189667579,0.0101255095983116,0.1187096588418044,0.010122360794712293,2879543.0366016165,2879626.8023529733,,,,,
sdItemRT,IAS (mean),gpt2_medium,Smean,cosine_std,4,-5.486727728416796,0.04391403429651586,0.1835575578123846,0.0749497355140204,0.18313124493871435,0.07454394689162225,2859890.6513180933,2861325.1398100806,,,,,
sdItemRT,Surprisal + IAS (mean),gpt2_medium,Smean,cosine_std,4,-5.479931539392279,0.050710223321033254,0.1945798727066005,0.0859720504082363,0.1941562212743464,0.08556892322725429,2856350.559152783,2857795.51836369,,,,,
sdItemRT,IAS (min),gpt2_medium,Smin,cosine_std,4,-5.50289111311329,0.027750649600021937,0.15673337766115358,0.048125555362789396,0.1562930582969665,0.047705760249874385,2868314.8134612897,2869749.301953277,,,,,
sdItemRT,Surprisal + IAS (min),gpt2_medium,Smin,cosine_std,4,-5.501194821296665,0.029446941416646943,0.15958938284510782,0.05098156054674363,0.15914732639584117,0.050560028348749064,2867432.7265219665,2868877.6857328736,,,,,
sdItemRT,Surprisal,gpt2_large,,,4,-5.52542394566141,0.005217817051902607,0.11786169590771955,0.009253873609355368,0.11783799943849782,0.009250701391405713,2879800.655391379,2879884.4211427355,,,,,
sdItemRT,IAS (mean),gpt2_large,Smean,cosine_std,4,-5.484093422638009,0.04654834007530351,0.18784776425966765,0.07923994196130346,0.18742369155645489,0.07883639350936278,2858517.6827578587,2859952.171249846,,,,,
sdItemRT,Surprisal + IAS (mean),gpt2_large,Smean,cosine_std,4,-5.4760049294852156,0.05463683322809665,0.20088024253413717,0.09227242023577298,0.20045990509989564,0.09187260705280353,2854304.0571885407,2855749.016399448,,,,,
sdItemRT,IAS (min),gpt2_large,Smin,cosine_std,4,-5.499938773780313,0.030702988932999276,0.16169792464428634,0.05309010234592215,0.16126019756362286,0.05267289951653076,2866776.0896290136,2868210.578121001,,,,,
sdItemRT,Surprisal + IAS (min),gpt2_large,Smin,cosine_std,4,-5.497402093190884,0.03323966952242863,0.16594016354529517,0.057332341246930985,0.16550144761018792,0.05691414956309582,2865456.0021459702,2866900.9613568773,,,,,
sdItemRT,Surprisal,gpt2_xl,,,4,-5.526366285250168,0.004275477463144384,0.11619758054503126,0.007589758246667078,0.11617383937345582,0.007586541326363716,2880291.7914769645,2880375.557228321,,,,,
sdItemRT,IAS (mean),gpt2_xl,Smean,cosine_std,4,-5.483771059621531,0.04687070309178143,0.188371211190704,0.0797633888923398,0.18794741181008434,0.07936011376299223,2858349.6710220263,2859784.1595140137,,,,,
sdItemRT,Surprisal + IAS (mean),gpt2_xl,Smean,cosine_std,4,-5.478017874270795,0.05262388844251742,0.19765658995584556,0.08904876765748138,0.19723455687856561,0.08864725883147351,2855353.179855447,2856798.139066354,,,,,
sdItemRT,IAS (min),gpt2_xl,Smin,cosine_std,4,-5.501952955278964,0.02868880743434854,0.1583141285799382,0.04970630628157402,0.15787463461927242,0.04928733657218032,2867825.8568559326,2869260.34534792,,,,,
sdItemRT,Surprisal + IAS (min),gpt2_xl,Smin,cosine_std,4,-5.500361074118925,0.03028068859438715,0.16098959505805488,0.05238177275969069,0.1605482751211863,0.051960977074094195,2866998.1874978943,2868443.1467088014,,,,,
sdItemRT,Baseline,,,,5,-5.531485918285302,,0.10892072143691767,,0.10890020439012948,,2882958.08277928,2883031.3778117173,,,,,
sdItemRT,Surprisal,gpt2_small,,,5,-5.526706308902704,0.004779609382597805,0.11739815979938018,0.008477438362462508,0.11737445087840448,0.008474246488274995,2880469.0077243824,2880552.773475739,,,,,
sdItemRT,IAS (mean),gpt2_small,Smean,cosine_std,5,-5.485550730556507,0.045935187728795235,0.18713664115759332,0.07821591972067565,0.18671219713496168,0.07781199274483219,2859277.2141572847,2860711.702649272,,,,,
sdItemRT,Surprisal + IAS (mean),gpt2_small,Smean,cosine_std,5,-5.480194979492096,0.051290938793205676,0.19579716235444866,0.086876440917531,0.19537415121722235,0.08647394682709286,2856487.8609715267,2857932.820182434,,,,,
sdItemRT,IAS (min),gpt2_small,Smin,cosine_std,5,-5.505326929341103,0.026158988944199102,0.15434166162405571,0.04542094018713805,0.1539000934035083,0.04499988901337881,2869584.3316494306,2871018.820141418,,,,,
sdItemRT,Surprisal + IAS (min),gpt2_small,Smin,cosine_std,5,-5.502670113042443,0.028815805242858872,0.15882326200340535,0.049902540566487685,0.15838080257415232,0.04948059818402284,2868201.6308763647,2869646.5900872718,,,,,
sdItemRT,Surprisal,gpt2_medium,,,5,-5.5258761432672205,0.005609775018081464,0.11886235537326062,0.009941633936342953,0.11883868578428669,0.009938481394157206,2880036.335357156,2880120.101108513,,,,,
sdItemRT,IAS (mean),gpt2_medium,Smean,cosine_std,5,-5.487762067993927,0.043723850291375044,0.18353364924576487,0.07461292780884721,0.18310732388801843,0.07420711949788894,2860429.736693619,2861864.225185606,,,,,
sdItemRT,Surprisal + IAS (mean),gpt2_medium,Smean,cosine_std,5,-5.480946399905138,0.05053951838016424,0.1945876648842617,0.08566694344734405,0.19416401755069734,0.08526381316056786,2856879.492273759,2858324.451484666,,,,,
sdItemRT,IAS (min),gpt2_medium,Smin,cosine_std,5,-5.503752127232902,0.027733791052400036,0.15700096062417757,0.0480802391872599,0.1565607809808771,0.04766057659074763,2868763.563688262,2870198.0521802492,,,,,
sdItemRT,Surprisal + IAS (min),gpt2_medium,Smin,cosine_std,5,-5.502029234650952,0.029456683634349723,0.15990075530343473,0.05098003386651706,0.1594588626362533,0.05055865824612382,2867867.6127492604,2869312.5719601675,,,,,
sdItemRT,Surprisal,gpt2_large,,,5,-5.5263412480121845,0.005144670273117491,0.1180423314363177,0.009121609999400038,0.11801863981942373,0.009118435429294247,2880278.7423689743,2880362.508120331,,,,,
sdItemRT,IAS (mean),gpt2_large,Smean,cosine_std,5,-5.4847870259024845,0.04669889238281755,0.18837726850401948,0.07945654706710181,0.18795347228628123,0.07905326789615175,2858879.180456064,2860313.6689480515,,,,,
sdItemRT,Surprisal + IAS (mean),gpt2_large,Smean,cosine_std,5,-5.476566179223268,0.054919739062033734,0.20161261665297092,0.09269189521605325,0.20119266444792083,0.09229246005779135,2854596.5738170166,2856041.5330279237,,,,,
sdItemRT,IAS (min),gpt2_large,Smin,cosine_std,5,-5.500710290871847,0.030775627413454743,0.16211392232240684,0.05319320088548918,0.1616764124587282,0.05277620806859873,2867178.1950789164,2868612.6835709037,,,,,
sdItemRT,Surprisal + IAS (min),gpt2_large,Smin,cosine_std,5,-5.498143257939644,0.03334266034565836,0.16640466074038707,0.0574839393034694,0.16596618913106131,0.05706598474093183,2865842.288319047,2867287.247529954,,,,,
sdItemRT,Surprisal,gpt2_xl,,,5,-5.527292555238666,0.0041933630466362,0.11636270869866805,0.007441987261750382,0.11633897196285303,0.007438767572723548,2880774.55227973,2880858.3180310866,,,,,
sdItemRT,IAS (mean),gpt2_xl,Smean,cosine_std,5,-5.484977380049309,0.04650853823599288,0.18806821817346786,0.0791474967365502,0.18764426058227845,0.07874405619214897,2858978.3907531393,2860412.8792451266,,,,,
sdItemRT,Surprisal + IAS (mean),gpt2_xl,Smean,cosine_std,5,-5.479229285387796,0.05225663289750582,0.19734889125459898,0.08842816981768131,0.19692669632763204,0.08802649193750256,2855984.552792695,2857429.512003602,,,,,
sdItemRT,IAS (min),gpt2_xl,Smin,cosine_std,5,-5.502768006122372,0.028717912162930403,0.15865855511699778,0.04973783368008011,0.1582192410017923,0.049319036611662814,2868250.6515749064,2869685.140066894,,,,,
sdItemRT,Surprisal + IAS (min),gpt2_xl,Smin,cosine_std,5,-5.501161223902381,0.03032469438292118,0.16135792045095387,0.05243719901403621,0.16091679425344563,0.05201658986331614,2867415.215963234,2868860.1751741413,,,,,
sdItemRT,Baseline,,,,6,-5.53193366128315,,0.1080555936417501,,0.10803505667544644,,2883191.441056842,2883264.7360892794,,,,,
sdItemRT,Surprisal,gpt2_small,,,6,-5.527113528667975,0.004820132615174444,0.11661286085474509,0.00855726721299499,0.11658913083865063,0.008554074163204195,2880681.2457794044,2880765.011530761,,,,,
sdItemRT,IAS (mean),gpt2_small,Smean,cosine_std,6,-5.486125896495016,0.0458077647881332,0.1861400689238072,0.07808447528205709,0.185715104531887,0.07768004785644056,2859576.983742445,2861011.472234432,,,,,
sdItemRT,Surprisal + IAS (mean),gpt2_small,Smean,cosine_std,6,-5.4807036135400935,0.05123004774305606,0.19491834227546134,0.08686274863371124,0.19449486887838752,0.08645981220294108,2856752.954933734,2858197.9141446413,,,,,
sdItemRT,IAS (min),gpt2_small,Smin,cosine_std,6,-5.505771234726072,0.0261624265570779,0.1535264516621614,0.04547085802041129,0.15308445777229107,0.04504940109684463,2869815.898284412,2871250.3867763993,,,,,
sdItemRT,Surprisal + IAS (min),gpt2_small,Smin,cosine_std,6,-5.503095064793,0.028838596490149193,0.15804496269013613,0.04998936904838602,0.157602093875014,0.049567037199567565,2868423.110629334,2869868.069840241,,,,,
sdItemRT,Surprisal,gpt2_medium,,,6,-5.526282520944248,0.0056511403389016834,0.11807984451366516,0.010024250871915052,0.11805615390446744,0.010021097229021003,2880248.1345258905,2880331.900277247,,,,,
sdItemRT,IAS (mean),gpt2_medium,Smean,cosine_std,6,-5.488276952443276,0.04365670883987338,0.18263121009242334,0.07457561645067323,0.18220441351783545,0.07416935684238901,2860698.0882900064,2862132.5767819937,,,,,
sdItemRT,Surprisal + IAS (mean),gpt2_medium,Smean,cosine_std,6,-5.481312336734772,0.05062132454837798,0.19393760163976415,0.08588200799801404,0.1935136123725738,0.08547855569712737,2857070.214158122,2858515.173369029,,,,,
sdItemRT,IAS (min),gpt2_medium,Smin,cosine_std,6,-5.504368324739737,0.027565336543412755,0.1558981751798143,0.0478425815380642,0.15545741970702787,0.04742236303158143,2869084.718434454,2870519.2069264413,,,,,
sdItemRT,Surprisal + IAS (min),gpt2_medium,Smin,cosine_std,6,-5.502589294312465,0.029344366970684987,0.15889620409237826,0.050840610450628154,0.15845378303070434,0.050418726355257903,2868159.509124125,2869604.468335032,,,,,
sdItemRT,Surprisal,gpt2_large,,,6,-5.526769444774757,0.005164216508392272,0.11722057029995114,0.00916497665820104,0.11719685660847168,0.009161799933025239,2880501.9133832664,2880585.679134623,,,,,
sdItemRT,IAS (mean),gpt2_large,Smean,cosine_std,6,-5.48550972279424,0.04642393848890958,0.18714240935248438,0.07908681571073428,0.18671796834176835,0.07868291166632191,2859255.8414036846,2860690.329895672,,,,,
sdItemRT,Surprisal + IAS (mean),gpt2_large,Smean,cosine_std,6,-5.4772160153633305,0.05471764591981909,0.20051440541024979,0.09245881176849968,0.20009387554547886,0.09205881887003242,2854935.2606151835,2856380.2198260906,,,,,
sdItemRT,IAS (min),gpt2_large,Smin,cosine_std,6,-5.501373749897166,0.030559911385983796,0.16093851860612962,0.05288292496437952,0.1605003949946714,0.05246533831922495,2867523.981961404,2868958.4704533913,,,,,
sdItemRT,Surprisal + IAS (min),gpt2_large,Smin,cosine_std,6,-5.498783738162568,0.033149923120581626,0.16527363906543058,0.057218045423680475,0.16483457253807843,0.05679951586263199,2866176.0989254722,2867621.0581363793,,,,,
sdItemRT,Surprisal,gpt2_xl,,,6,-5.527725456810609,0.004208204472540444,0.11553106010293623,0.007475466461186131,0.1155073010269334,0.007472244351486967,2881000.1753842076,2881083.9411355644,,,,,
sdItemRT,IAS (mean),gpt2_xl,Smean,cosine_std,6,-5.485281257193936,0.04665240408921356,0.18751374450341662,0.07945815086166652,0.18708949738873926,0.07905444071329282,2859136.767874393,2860571.2563663805,,,,,
sdItemRT,Surprisal + IAS (mean),gpt2_xl,Smean,cosine_std,6,-5.479428836622852,0.05250482466029727,0.19696832691949373,0.08891273327774363,0.19654593181547608,0.08851087514002964,2856088.5565017913,2857533.5157126985,,,,,
sdItemRT,IAS (min),gpt2_xl,Smin,cosine_std,6,-5.5035664466747365,0.02836721460841307,0.1572508237065844,0.04919523006483428,0.1568107745315731,0.048775717856126666,2868666.7892095125,2870101.2777015,,,,,
sdItemRT,Surprisal + IAS (min),gpt2_xl,Smin,cosine_std,6,-5.50190982347566,0.03002383780748996,0.16003843880159152,0.05198284515984142,0.15959661855600615,0.051561561880559714,2867805.377077632,2869250.336288539,,,,,
sdItemRT,Baseline,,,,7,-5.531208484509035,,0.1084211987695497,,0.10840067022128219,,2882813.487624295,2882886.7826567325,,,,,
sdItemRT,Surprisal,gpt2_small,,,7,-5.5264359259465685,0.0047725585624665,0.11689093622952973,0.008469737459980031,0.11686721368324415,0.008466543461961962,2880328.08737224,2880411.853123597,,,,,
sdItemRT,IAS (mean),gpt2_small,Smean,cosine_std,7,-5.485103206989094,0.04610527751994109,0.18695759237279508,0.07853639360324538,0.18653305485820615,0.07813238463692396,2859043.970244232,2860478.4587362194,,,,,
sdItemRT,Surprisal + IAS (mean),gpt2_small,Smean,cosine_std,7,-5.4797840264108775,0.051424458098157544,0.19556118593057248,0.08713998716102278,0.19513805066961665,0.08673738044833446,2856273.6771570323,2857718.6363679394,,,,,
sdItemRT,IAS (min),gpt2_small,Smin,cosine_std,7,-5.505222288636372,0.0259861958726626,0.1535751389360812,0.045153940166531514,0.15313317046871544,0.04473250024743325,2869529.794169814,2870964.282661801,,,,,
sdItemRT,Surprisal + IAS (min),gpt2_small,Smin,cosine_std,7,-5.502658025396581,0.028550459112453908,0.15790493901187963,0.04948374024232993,0.15746199654422532,0.04906132632294313,2868195.3309403933,2869640.2901513004,,,,,
sdItemRT,Surprisal,gpt2_medium,,,7,-5.5256204679357195,0.005588016573315535,0.11833003910361595,0.009908840334066249,0.11830635521527866,0.009905684993996466,2879903.0804424817,2879986.8461938384,,,,,
sdItemRT,IAS (mean),gpt2_medium,Smean,cosine_std,7,-5.487127063070843,0.04408142143819216,0.1836599613016915,0.07523876253214179,0.18323370189893795,0.07483303167765576,2860098.7797477664,2861533.268239754,,,,,
sdItemRT,Surprisal + IAS (mean),gpt2_medium,Smean,cosine_std,7,-5.480373907767531,0.05083457674150438,0.19461157896733694,0.08619038019778724,0.19418794421259344,0.08578727399131125,2856581.1162415436,2858026.0754524507,,,,,
sdItemRT,IAS (min),gpt2_medium,Smin,cosine_std,7,-5.503477403030593,0.027731081478441943,0.15652381994550446,0.04810262117595476,0.1560833911588433,0.047682720937561096,2868620.3807307086,2870054.869222696,,,,,
sdItemRT,Surprisal + IAS (min),gpt2_medium,Smin,cosine_std,7,-5.501793562600724,0.02941492190831063,0.1593596008500413,0.05093840208049161,0.15891742353531813,0.050516753314035934,2867744.7833047463,2869189.7425156534,,,,,
sdItemRT,Surprisal,gpt2_large,,,7,-5.526123970429779,0.0050845140792556975,0.11744174587233758,0.00902054710278788,0.1174180381221942,0.00901736790091201,2880165.499900356,2880249.2656517127,,,,,
sdItemRT,IAS (mean),gpt2_large,Smean,cosine_std,7,-5.484443123344378,0.046765361164657016,0.1880302361738413,0.0796090374042916,0.18760625875000414,0.07920558852872195,2858699.9425696097,2860134.431061597,,,,,
sdItemRT,Surprisal + IAS (mean),gpt2_large,Smean,cosine_std,7,-5.4763647148335854,0.05484376967544957,0.20104367213590724,0.09262247336635754,0.20062342066572658,0.09222275044444439,2854491.5729946867,2855936.532205594,,,,,
sdItemRT,IAS (min),gpt2_large,Smin,cosine_std,7,-5.50079709856841,0.030411385940625202,0.1610332683903648,0.052612069620815105,0.16059519425337132,0.05219452403208913,2867223.438208672,2868657.9267006596,,,,,
sdItemRT,Surprisal + IAS (min),gpt2_large,Smin,cosine_std,7,-5.498267096063978,0.032941388445056674,0.165267722041476,0.0568465232719263,0.16482865240176603,0.05642798218048384,2865906.8312633927,2867351.7904743,,,,,
sdItemRT,Surprisal,gpt2_xl,,,7,-5.527037530276254,0.004170954232781021,0.11582773225696874,0.0074065334874190425,0.11580398115033141,0.007403310929049223,2880641.63632962,2880725.402080977,,,,,
sdItemRT,IAS (mean),gpt2_xl,Smean,cosine_std,7,-5.4843554526456755,0.04685303186335954,0.18817259560580635,0.07975139683625665,0.18774869251624604,0.07934802229496385,2858654.2496534945,2860088.738145482,,,,,
sdItemRT,Surprisal + IAS (mean),gpt2_xl,Smean,cosine_std,7,-5.4786732783195005,0.052535206189534556,0.19734626018339485,0.08892506141384515,0.19692406387248296,0.08852339365120077,2855694.7685807836,2857139.7277916907,,,,,
sdItemRT,IAS (min),gpt2_xl,Smin,cosine_std,7,-5.5027681918600155,0.028440292649019483,0.15771937730044894,0.04929817853089924,0.15727957278497373,0.04887890256369154,2868250.748379138,2869685.236871125,,,,,
sdItemRT,Surprisal + IAS (min),gpt2_xl,Smin,cosine_std,7,-5.501161028382823,0.03004745612621207,0.16042239608884312,0.052001197319293424,0.1599807778050032,0.051580107583721,2867415.1140607866,2868860.0732716937,,,,,
sdItemRT,Baseline,,,,8,-5.530617088266041,,0.10849248863104255,,0.1084719617242198,,2882505.2589992015,2882578.554031639,,,,,
sdItemRT,Surprisal,gpt2_small,,,8,-5.526029805861479,0.004587282404561854,0.1166342762831385,0.008141787652095944,0.11661054684231664,0.008138585118096842,2880116.4224573327,2880200.1882086894,,,,,
sdItemRT,IAS (mean),gpt2_small,Smean,cosine_std,8,-5.485093785798454,0.04552330246758718,0.18607578648967626,0.07758329785863372,0.18565078853209627,0.07717882680787647,2859039.0600327244,2860473.5485247117,,,,,
sdItemRT,Surprisal + IAS (mean),gpt2_small,Smean,cosine_std,8,-5.47989962470633,0.050717463559711184,0.19448732691141712,0.08599483828037457,0.19406362680002354,0.08559166507580374,2856333.925601443,2857778.88481235,,,,,
sdItemRT,IAS (min),gpt2_small,Smin,cosine_std,8,-5.5047885808701,0.025828507395941003,0.15337585468380144,0.04488336605275889,0.1529337821583443,0.0444618204341245,2869303.7508865255,2870738.239378513,,,,,
sdItemRT,Surprisal + IAS (min),gpt2_small,Smin,cosine_std,8,-5.502364380521565,0.028252707744475636,0.1574706930501425,0.04897820441909995,0.15702752216887228,0.04855556044465248,2868042.2867552736,2869487.2459661807,,,,,
sdItemRT,Surprisal,gpt2_medium,,,8,-5.525216721539479,0.005400366726561856,0.11806961056020437,0.009577121929161825,0.11804591967609679,0.009573957951876988,2879692.652665718,2879776.4184170747,,,,,
sdItemRT,IAS (mean),gpt2_medium,Smean,cosine_std,8,-5.486859891506071,0.04375719675997036,0.18319575063817117,0.07470326200712862,0.18276924884358237,0.07429728711936257,2859959.533134266,2861394.021626253,,,,,
sdItemRT,Surprisal + IAS (mean),gpt2_medium,Smean,cosine_std,8,-5.480140130111523,0.05047695815451814,0.1940997734065183,0.08560728477547574,0.19367586944176685,0.08520390771754704,2856459.274132564,2857904.2333434713,,,,,
sdItemRT,IAS (min),gpt2_medium,Smin,cosine_std,8,-5.503068958175879,0.027548130090162104,0.15628260149836026,0.04779011286731771,0.15584204675728508,0.04737008503306528,2868407.50417377,2869841.9926657574,,,,,
sdItemRT,Surprisal + IAS (min),gpt2_medium,Smin,cosine_std,8,-5.501510569411473,0.02910651885456783,0.158908187118172,0.05041569848712946,0.15846577235957637,0.04999381063535657,2867597.290650427,2869042.249861334,,,,,
sdItemRT,Surprisal,gpt2_large,,,8,-5.525670312447351,0.0049467758186896305,0.11726917633336975,0.008776687702327202,0.1172454639475714,0.008773502223351604,2879929.0588038103,2880012.824555167,,,,,
sdItemRT,IAS (mean),gpt2_large,Smean,cosine_std,8,-5.484297344414112,0.04631974385192894,0.1873712403173926,0.07887875168635006,0.18694691879285363,0.07847495706863383,2858623.9643405024,2860058.4528324897,,,,,
sdItemRT,Surprisal + IAS (mean),gpt2_large,Smean,cosine_std,8,-5.476191151994274,0.05442593627176695,0.200439669060683,0.09194718042964045,0.2000190998845508,0.091547138160331,2854401.1141255917,2855846.073336499,,,,,
sdItemRT,IAS (min),gpt2_large,Smin,cosine_std,8,-5.5004325372007585,0.030184551065282506,0.160719681699798,0.05222719306875545,0.16028144382065168,0.05180948209643188,2867033.433198589,2868467.9216905762,,,,,
sdItemRT,Surprisal + IAS (min),gpt2_large,Smin,cosine_std,8,-5.497977252247334,0.032639836018707236,0.16483092384177922,0.05633843521073667,0.16439162444597466,0.05591966272175486,2865755.7681442834,2867200.7273551906,,,,,
sdItemRT,Surprisal,gpt2_xl,,,8,-5.526572073579118,0.0040450146869233095,0.11567571515068853,0.00718322651964598,0.11565195996048672,0.007179998236266916,2880399.0458845533,2880482.81163591,,,,,
sdItemRT,IAS (mean),gpt2_xl,Smean,cosine_std,8,-5.484114270983246,0.046502817282794595,0.18766872732219775,0.0791762386911552,0.18724456113321386,0.07877259940899406,2858528.548665216,2859963.0371572035,,,,,
sdItemRT,Surprisal + IAS (mean),gpt2_xl,Smean,cosine_std,8,-5.478437628740062,0.0521794595259788,0.19683919936532857,0.08834671073428602,0.196416736340146,0.0879447746159262,2855571.9508477757,2857016.910058683,,,,,
sdItemRT,IAS (min),gpt2_xl,Smin,cosine_std,8,-5.502272345848707,0.028344742417334423,0.15762576259613226,0.04913327396508971,0.15718590919888464,0.04871394747466484,2867992.319388196,2869426.807880183,,,,,
sdItemRT,Surprisal + IAS (min),gpt2_xl,Smin,cosine_std,8,-5.500730422812626,0.02988666545341534,0.16021951365935272,0.05172702502831017,0.15977778865924275,0.05130582693502295,2867190.687604867,2868635.646815774,,,,,
sdItemRT,Baseline,,,,9,-5.531439662612872,,0.10787917172738615,,0.10785863077780433,,2882945.0377572025,2883018.3328165016,,,,,
sdItemRT,Surprisal,gpt2_small,,,9,-5.526619990205762,0.004819672407109898,0.11643731827799053,0.008558146550604384,0.11641358363745957,0.00855495285965524,2880435.072695341,2880518.838477397,,,,,
sdItemRT,IAS (mean),gpt2_small,Smean,cosine_std,9,-5.485919873027177,0.045519789585695136,0.1855101209974963,0.07763094927011016,0.1850848293053834,0.07722619852757906,2859480.578623034,2860915.0676407428,,,,,
sdItemRT,Surprisal + IAS (mean),gpt2_small,Smean,cosine_std,9,-5.4805543236837035,0.050885338929168356,0.19420376267800232,0.08632459095061618,0.19377991503899428,0.08592128426118995,2856686.1079607094,2858131.067701175,,,,,
sdItemRT,IAS (min),gpt2_small,Smin,cosine_std,9,-5.505380990513227,0.026058672099645186,0.15318331986474298,0.04530414813735684,0.15274114850314757,0.04488251772534324,2869623.5184455886,2871058.0074632973,,,,,
sdItemRT,Surprisal + IAS (min),gpt2_small,Smin,cosine_std,9,-5.502847894957361,0.02859176765551119,0.15746260600941886,0.04958343428203271,0.15701943257588957,0.04916080179808524,2868305.294372827,2869750.2541132923,,,,,
sdItemRT,Surprisal,gpt2_medium,,,9,-5.525777005847047,0.005662656765824892,0.11792572226550158,0.010046550538115429,0.11790202760711821,0.010043396829313878,2879995.7176774223,2880079.4834594782,,,,,
sdItemRT,IAS (mean),gpt2_medium,Smean,cosine_std,9,-5.487908322953353,0.04353133965951894,0.18226452689421668,0.07438535516683054,0.1818375404920236,0.07397890971421928,2860516.938840058,2861951.427857767,,,,,
sdItemRT,Surprisal + IAS (mean),gpt2_medium,Smean,cosine_std,9,-5.480990759298339,0.05044890331453278,0.19350009926660827,0.08562092753922212,0.19307588150167787,0.08521725072387354,2856913.5738387015,2858358.533579167,,,,,
sdItemRT,IAS (min),gpt2_medium,Smin,cosine_std,9,-5.503943160591619,0.0274965020212532,0.15561497859894557,0.04773580687155943,0.15517407694527952,0.047315446167475184,2868874.135868746,2870308.6248864545,,,,,
sdItemRT,Surprisal + IAS (min),gpt2_medium,Smin,cosine_std,9,-5.502252177701268,0.02918748491160361,0.15846583637812184,0.05058666465073569,0.1580231906422952,0.050164559864490865,2867994.812496124,2869439.7722365893,,,,,
sdItemRT,Surprisal,gpt2_large,,,9,-5.526230824085317,0.0052088385275546045,0.11712475603777428,0.009245584310388133,0.11710103986349185,0.00924240908568752,2880232.2432050267,2880316.0089870826,,,,,
sdItemRT,IAS (mean),gpt2_large,Smean,cosine_std,9,-5.48501587023384,0.0464237923790316,0.18698139281446147,0.07910222108707532,0.186556869357408,0.07869823857960367,2859009.4214071753,2860443.910424884,,,,,
sdItemRT,Surprisal + IAS (mean),gpt2_large,Smean,cosine_std,9,-5.476718325947009,0.054721336665862985,0.2003621739048408,0.09248300217745464,0.19994156558110576,0.09208293480330143,2854686.8243003218,2856131.7840407873,,,,,
sdItemRT,IAS (min),gpt2_large,Smin,cosine_std,9,-5.501124363035985,0.030315299576886723,0.16036188632347093,0.05248271459608478,0.15992346330148655,0.052064832523682214,2867405.006770725,2868839.4957884336,,,,,
sdItemRT,Surprisal + IAS (min),gpt2_large,Smin,cosine_std,9,-5.498478745829116,0.03296091678375568,0.16479287536680853,0.056913703639422386,0.16435355764421034,0.056494926866406,2866028.137538677,2867473.0972791426,,,,,
sdItemRT,Surprisal,gpt2_xl,,,9,-5.527188414493947,0.004251248118924522,0.1154322701155509,0.007553098388164758,0.11540850847698425,0.007549877699179919,2880731.3297501006,2880815.0955321565,,,,,
sdItemRT,IAS (mean),gpt2_xl,Smean,cosine_std,9,-5.485251963641332,0.04618769897153996,0.18659740549799597,0.07871823377060982,0.18617268153922995,0.07831405076142561,2859132.4709302257,2860566.9599479344,,,,,
sdItemRT,Surprisal + IAS (mean),gpt2_xl,Smean,cosine_std,9,-5.4793615477948805,0.052078114817991406,0.1961237403107421,0.08824456858335594,0.1957009025771529,0.08784227179934856,2856064.4450952136,2857509.404835679,,,,,
sdItemRT,IAS (min),gpt2_xl,Smin,cosine_std,9,-5.502714465837346,0.028725196775526207,0.1576874140583695,0.049808242330983354,0.15724759454164094,0.04938896376383661,2868233.7524497663,2869668.241467475,,,,,
sdItemRT,Surprisal + IAS (min),gpt2_xl,Smin,cosine_std,9,-5.501101498311383,0.03033816430148928,0.1604002816339788,0.052521109906592645,0.15995865341351956,0.052100022635715226,2867395.0899049095,2868840.049645375,,,,,
