id,surprisal,entropy,deviation,tokens
1,[ 9.75733089 10.91053486  4.9031167   2.99922729  8.62456608],[6.76311779 5.94358397 2.55789328 1.52273822 5.44630957],[2.9942131  4.96695089 2.34522343 1.47648907 3.17825651],['Anne' 'lost' 'control' 'and' 'laughed']
2,[9.37131405 8.8058424  3.84601092 1.89661884 8.45516777],[6.76311779 6.43663883 2.62489557 4.2076602  7.82294512],[ 2.60819626  2.36920357  1.22111535 -2.31104136  0.63222265],['Billy' 'wrote' 'on' 'the' 'envelope']
3,[6.22000313 5.68732643 7.73755932 2.01268816 2.84214163],[6.76311779 5.22920847 4.26209354 3.93649054 6.61592722],[-0.54311466  0.45811796  3.47546577 -1.92380238 -3.77378559],['He' 'called' 'over' 'his' 'shoulder']
4,[6.22000313 8.13338089 8.29689598 0.83031601 4.14654303],[6.76311779 5.22920847 4.07481289 3.91950989 5.63480854],[-0.54311466  2.90417242  4.22208309 -3.08919382 -1.48826551],['He' 'stayed' 'against' 'the' 'wall']
5,[10.2755543  11.35050583  2.87540627  0.70149624  5.44258118],[6.76311779 6.43432331 3.84456921 3.19601345 5.72152567],[ 2.17906666  4.91618252 -0.96916294 -2.49451733 -0.27894449],['Helen' 'ran' 'to' 'the' 'toilet']
6,[4.05731678 6.53087139 2.61239314 0.15103863 7.31152058],[6.76311779 4.73105574 4.53391743 0.87636352 1.24131405],[-2.70580101  1.79981565 -1.92152429 -0.72532487  6.07020664],['I' 'cannot' 'tell' 'you' 'more']
7,[ 7.39834118 10.61399078  8.38724422  4.55977583  7.25802088],[6.76311779 6.74316025 3.90332031 3.12656307 7.12812138],[0.63522339 3.87083054 4.48392391 1.43321276 0.1298995 ],['Michael' 'gave' 'Adam' 'two' 'pounds']
8,[ 9.13173771 12.76255417  2.15375996  5.52963448  0.92727101],[6.76311779 5.58833742 3.13556004 4.83640432 2.10898566],[ 2.36861992  7.17421675 -0.98180008  0.69323015 -1.18171465],['Roger' 'smiled' 'and' 'sat' 'down']
9,[8.66516304 3.39663005 1.38279593 1.66165078 6.37809277],[6.76311779 3.75197959 4.08691597 3.11915064 1.15678358],[ 1.90204525 -0.35534954 -2.70412016 -1.45749986  5.22130919],['Things' 'were' 'looking' 'up' 'again']
10,[ 4.27717018 10.12694883  6.07654095  1.04111087  5.44129801],[6.76311779 5.10328627 7.37625504 3.61990619 5.69350243],[-2.48594761  2.39673996 -1.29971409 -2.57879543 -0.25220442],"['This' ""man's"" 'hair' 'is' 'black']"
11,[8.33224392 2.92943048 9.51102066 1.34517813 4.90745783],[6.76311779 3.52671051 7.03571606 2.6636405  1.7891469 ],[ 1.56912613 -0.59728003  2.4753046  -1.31846237  3.11831093],['Turn' 'your' 'hearing' 'aid' 'up']
12,[ 9.18795061 10.16192913  4.96390057  3.76316786  1.75625539],[6.76311779 3.72554398 4.6777916  1.8553232  4.11996889],[-1.43773174  6.43638515  0.28610897  1.90784466 -2.3637135 ],"[""You'll"" 'demand' 'nothing' 'of' 'me']"
13,[3.71531987 9.02721977 2.95492935 7.15362978 1.0331403  4.55950451],[6.76311779 7.73409748 5.47559357 2.69165754 3.21710968 6.76621628],[-3.04779792  1.29312229 -2.52066422  4.46197224 -2.1839695  -2.20671177],['A' 'horse' 'has' 'thrown' 'a' 'shoe']
14,[ 3.71531987 10.29628754  4.58218575  7.46495295  8.18346596  5.35104799],[6.76311779 7.73409748 4.80876017 5.4886179  2.62789845 2.63439322],[-3.04779792  2.56219006 -0.22657442  1.97633505  5.55556774  2.71665478],['A' 'tube' 'train' 'took' 'his' 'legs']
15,[ 8.14253426  9.68112946  1.4350003  10.08104324  2.67510176  7.50900841],[6.76311779 5.94458628 5.04274654 6.25965309 3.12555408 5.68137932],[ 1.37941647  3.73654318 -3.60774612  3.82139015 -0.45045233  1.82762909],['Five' 'will' 'be' 'listening' 'for' 'sure']
16,[9.67701626 9.87090874 3.21095109 6.07650948 4.25980377 2.93777227],[6.76311779 5.77497625 4.74779892 6.00907946 4.54552937 3.22146225],[ 2.91389847  4.09593248 -1.53684783  0.06743002 -0.28572559 -0.28368998],['Gordon' 'felt' 'his' 'anger' 'build' 'up']
17,[8.35309792 8.59754944 2.00361085 1.56160688 4.80095911 0.98949623],[6.76311779 4.97499609 3.20744181 2.65828323 5.29112768 2.82591271],[ 1.58998013  3.62255335 -1.20383096 -1.09667635 -0.49016857 -1.83641648],['Harry' 'smiled' 'at' 'his' 'little' 'brother']
18,[ 6.22000313  8.29746246 10.95879078  1.88140404  3.0741601   2.06895471],[6.76311779 5.22920847 3.80140543 1.92710876 3.71753454 6.07195663],[-0.54311466  3.06825399  7.15738535 -0.04570472 -0.64337444 -4.00300217],['He' 'needed' 'putting' 'in' 'his' 'place']
19,[ 6.22000313  9.18365669  3.34281588  4.12756538 11.52575493  4.90753269],[6.76311779 5.22920847 3.68615341 5.49368763 6.99155474 4.30885315],[-0.54311466  3.95444822 -0.34333754 -1.36612225  4.53420019  0.59867954],['He' 'shouted' 'and' 'the' 'calling' 'ceased']
20,[6.22000313 7.3854146  2.13800621 8.1506052  5.6699667  4.22635126],[6.76311779 5.22920847 4.60589886 7.60264874 2.75677824 4.41841269],[-0.54311466  2.15620613 -2.46789265  0.54795647  2.91318846 -0.19206142],['He' 'uses' 'his' 'belt' 'on' 'you']
21,[8.31575155 8.49395275 2.18249273 7.13934565 9.70890808 0.40928942],[6.76311779 5.29967308 4.2551055  5.02585697 2.49025607 1.9678247 ],[-0.54311466  3.19427967 -2.07261276  2.11348867  7.21865177 -1.55853534],"[""He's"" 'broken' 'his' 'wrists' 'very' 'badly']"
22,[4.05731678 2.84569001 9.70868492 6.61196518 5.97275591 8.02162743],[6.76311779 4.73105574 5.2341013  1.86183238 0.80621666 1.8537513 ],[-2.70580101 -1.88536572  4.47458363  4.75013256  5.16653919  6.16787624],['I' 'am' 'touched' 'deeply' 'in' 'places']
23,[4.05731678 3.55706994 2.97358179 0.14551075 4.26466274 2.31159019],[6.76311779 4.73105574 3.18164968 0.9807924  5.08577728 3.35492301],[-2.70580101 -1.17615056 -0.20806789 -0.83528167 -0.82111454 -1.04333282],"['I' ""don't"" 'want' 'to' 'hear' 'it']"
24,[4.05731678 6.25057411 1.99051154 7.55244637 6.87744999 0.86640567],[6.76311779 4.73105574 4.31394577 2.69143128 3.90816689 4.19831181],[-2.70580101  1.51951838 -2.32343435  4.86101532  2.9692831  -3.33190608],['I' 'knew' 'I' 'heard' 'your' 'voice']
25,[4.05731678 6.84878095 3.30598664 0.29225373 4.53863907 1.41210341],[6.76311779 4.73105574 4.05242777 1.62998497 4.10834885 3.74491215],[-2.70580101  2.11659575 -0.74644113 -1.33773124  0.43029022 -2.33280873],"['I' ""wouldn't"" 'want' 'to' 'miss' 'this']"
26,[8.01058865 9.87538052 2.36040449 0.47808629 0.69401824 2.24563265],[6.76311779 6.27433538 3.21533179 1.67144847 3.23129463 6.0850563 ],[ 1.24747086  3.60104513 -0.8549273  -1.19336224 -2.53727627 -3.83942366],['Jack' 'walked' 'up' 'to' 'the' 'door']
27,[9.35612869 9.74821854 4.2260952  1.8324753  1.82270885 9.0438987 ],[6.76311779 6.02265167 2.80566168 2.40983438 2.72852159 5.62763882],[ 2.5930109   3.72556686  1.42043352 -0.57735908 -0.90581274  2.45683479],['Ross' 'sat' 'back' 'down' 'and' 'shivered']
28,[6.82715225 6.88815909 2.60470271 7.34937859 6.40593529 7.79640484],[6.76311779 5.17843676 4.54460096 2.09781075 4.48757792 3.99355507],[ 0.06403446  1.70857382 -1.93989825  5.25156784  1.91835737  3.80284977],"['She' ""couldn't"" 'help' 'feel' 'for' 'Alex']"
29,[ 2.68723798 12.67081261  5.90244579  6.41484642  5.56084347  6.49911308],[6.76311779 8.41159058 6.79017496 6.86151409 5.68389034 5.78167343],[-4.07588005  4.25922203 -0.88772917 -0.44666767 -0.12304688  0.71743965],['The' 'bored' 'looking' 'soldier' 'just' 'pointed']
30,[2.68723798 7.53587055 4.78834963 5.68182135 0.95367205 4.37327337],[6.76311779 8.41159058 4.04523849 4.5468874  3.80607176 5.39227915],[-4.07588005 -0.87572002  0.74311113  1.13493395 -2.85239983 -1.01900578],['The' 'campaign' 'will' 'pay' 'for' 'itself']
31,[8.83879423 8.22848415 3.312361   5.96648979 4.61578369 4.48367691],[6.76311779 6.1303463  3.76701784 3.02561712 5.42597008 4.41514301],[ 0.01136112  2.09813786 -0.45465684  2.94087267 -0.81018639  0.0685339 ],"[""They're"" 'riding' 'out' 'to' 'meet' 'them']"
32,[4.8400259  9.85684109 4.51560783 1.81655395 0.10770742 0.07050186],[6.76311779 4.58979988 4.35772133 3.86265016 0.74031258 0.63689595],[-1.92309189  5.26704121  0.15788651 -2.04609632 -0.63260514 -0.56639409],['We' 'barely' 'escaped' 'with' 'our' 'lives']
33,[7.08407283 1.93611634 8.99390316 6.91058207 4.7821517  4.315557  ],[6.76311779 4.0764308  5.39336348 3.79527903 3.42317367 1.68826258],[-1.92309189 -2.14031458  3.60053968  3.11530304  1.35897803  2.62729454],"[""We've"" 'been' 'travelling' 'almost' 'three' 'days']"
34,"[9.76346111 3.56084323 5.23488855 0.5294739  6.96343231 0.57825261
 1.56733608]","[6.76311779 6.46366453 4.21883678 1.77999389 3.44451237 2.56950498
 4.16499615]","[ 3.00034332 -2.9028213   1.01605177 -1.25051999  3.51891994 -1.99125242
 -2.59766006]",['Alice' 'is' 'looking' 'for' 'somewhere' 'to' 'live']
35,"[ 9.06268501 13.56827927  0.4972814   7.61012506  5.47802353  2.88408709
  0.33709601]","[6.76311779 6.52488041 2.13823009 5.25627327 3.69530678 3.06138444
 1.24944341]","[ 2.29956722  7.04339886 -1.64094865  2.3538518   1.78271675 -0.17729735
 -0.91234744]",['Alan' 'forgot' 'to' 'shave' 'again' 'this' 'morning']
36,"[ 7.20397854  2.66726208 10.85472965 10.16767311  1.76609755  4.96356106
  8.12891674]","[6.76311779 1.62594676 5.79503965 4.63293028 2.62920904 1.63701773
 3.42626762]","[ 0.44086075  1.04131532  5.05969     5.53474283 -0.8631115   3.32654333
  4.70264912]",['Have' 'a' 'carriage' 'sent' 'for' 'us' 'immediately']
37,"[6.22000313 6.87493181 2.73089352 2.30167127 3.89744949 0.5448854
 0.84865654]","[6.76311779 5.22920847 4.40901613 3.64113474 1.96607125 2.64812803
 3.01271462]","[-0.54311466  1.64572334 -1.67906952 -1.33946347  1.93137825 -2.10324264
 -2.16405821]","['He' 'probably' ""doesn't"" 'want' 'people' 'to' 'know']"
38,"[6.22000313 7.36857939 2.00253463 8.20242977 2.59137869 0.7546916
 1.32469141]","[6.76311779 5.22920847 3.89371538 7.90445518 2.20460057 2.0462203
 3.04574299]","[-0.54311466  2.13937092 -1.89118075  0.29797459  0.38677812 -1.2915287
 -1.72105157]",['He' 'put' 'the' 'fork' 'on' 'the' 'table']
39,"[8.66891766 3.6286962  4.05806589 6.26998806 2.06584072 1.46465135
 6.17011595]","[6.76311779 4.08460808 2.37286663 2.57247329 2.63145971 3.43559575
 4.79715538]","[-2.70580101 -0.45591187  1.68519926  3.69751477 -0.56561899 -1.9709444
  1.37296057]","[""I'll"" 'give' 'him' 'more' 'than' 'a' 'slap']"
40,"[ 7.69221306 12.39577866  2.27366877  4.83215904  7.47030354  0.12230171
  5.1697917 ]","[6.76311779 6.20773029 2.97637248 5.11611652 1.74795997 0.6774112
 3.37352753]","[ 0.92909527  6.18804836 -0.70270371 -0.28395748  5.72234344 -0.5551095
  1.79626417]",['Andrew' 'nodded' 'and' 'stood' 'against' 'the' 'counter']
41,"[9.13183498 0.11681873 3.11820459 8.18742943 9.14275551 1.79701579
 0.19502614]","[6.76311779 0.89574671 5.71118355 7.21236229 2.46493483 3.83738065
 1.52636683]","[ 2.36871719 -0.77892798 -2.59297895  0.97506714  6.67782068 -2.04036474
 -1.33134067]",['Looks' 'like' 'a' 'walk' 'did' 'the' 'trick']
42,"[7.87105751 9.49751854 7.16149044 2.97695351 0.52410007 4.92852926
 3.23313403]","[6.76311779 5.90920115 4.70032167 2.6216836  2.59166193 4.78695011
 2.52002716]","[ 1.10793972  3.58831739  2.46116877  0.35526991 -2.06756186  0.14157915
  0.71310687]",['Sam' 'felt' 'proud' 'when' 'he' 'went' 'home']
43,"[8.11380386 9.3158493  3.80519915 1.63033676 6.76330853 0.49115586
 6.66879988]","[6.76311779 5.77489185 4.58874464 3.250494   5.04952621 1.54197848
 2.07844067]","[ 1.35068607  3.54095745 -0.78354549 -1.62015724  1.71378231 -1.05082262
  4.59035921]",['Scott' 'got' 'up' 'and' 'washed' 'his' 'plate']
44,"[ 9.21389294 12.43883514  2.35629368  4.36577702  3.25619006  0.18760133
  2.60322881]","[6.76311779 6.77957249 2.94690418 5.34280109 3.29317641 1.11654186
 5.87812138]","[ 2.45077515  5.65926266 -0.5906105  -0.97702408 -0.03698635 -0.92894053
 -3.27489257]",['Simon' 'nodded' 'and' 'walked' 'into' 'the' 'room']
45,"[ 7.67533398 11.73587894  0.86372203  2.96256399  4.87262774  1.69948232
  1.29417324]","[6.76311779 6.44489765 2.53575706 1.19176269 4.14027643 3.11505485
 4.29558563]","[ 0.91221619  5.29098129 -1.67203498  1.77080131  0.7323513  -1.41557252
 -3.00141239]",['Steve' 'sat' 'down' 'to' 'eat' 'his' 'lunch']
46,"[8.71004105e+00 1.23047352e+01 2.13043118e+00 7.32254076e+00
 3.32824498e-01 2.33141899e+00 3.86491604e-03]","[6.76311779 3.46546841 3.15591002 4.71049881 1.31690919 1.67557573
 0.04105047]","[ 1.94692326  8.83926678 -1.02547884  2.61204195 -0.98408473  0.65584326
 -0.03718556]",['Ted' 'smiled' 'and' 'bit' 'his' 'bottom' 'lip']
47,"[ 8.485919   11.4209404   3.25857019  1.92224765  5.06231546  0.07180559
  0.04542925]","[6.76311779 6.79636097 2.95724297 2.9169426  5.33362103 0.51183534
 0.4282456 ]","[ 1.72280121  4.62457943  0.30132723 -0.99469495 -0.27130556 -0.44002974
 -0.38281634]",['Thomas' 'stepped' 'back' 'and' 'shook' 'his' 'head']
48,"[ 7.40195751 11.92358589  2.28072929  1.28280497  5.30077028  1.120345
  8.33545494]","[6.76311779 5.93350935 3.45313072 2.75612998 5.21171474 1.67623913
 4.0318203 ]","[ 0.63883972  5.99007654 -1.17240143 -1.47332501  0.08905554 -0.55589414
  4.30363464]",['Tom' 'stood' 'up' 'and' 'wiped' 'his' 'jeans']
49,"[ 8.71224308 12.75887394  5.35821962  0.99931514  3.06209779  5.59342766
  8.60755825]","[6.76311779 5.12541485 4.68712807 2.08115768 4.49686289 4.64053822
 7.51021051]","[ 1.94912529  7.63345909  0.67109156 -1.08184254 -1.4347651   0.95288944
  1.09734774]",['Tony' 'stopped' 'off' 'at' 'his' 'first' 'delivery']
50,"[10.00253582  5.94712925  5.98770714  0.62975496  5.98436069  5.52086353
  3.51161742]","[6.76311779 3.16982889 4.50692177 2.89517784 5.42731142 4.59625626
 3.91800785]","[ 3.23941803  2.77730036  1.48078537 -2.26542282  0.55704927  0.92460728
 -0.40639043]",['Normally' 'they' 'want' 'to' 'cut' 'things' 'up']
51,"[10.21149731  6.51088333  2.00517201  5.0027504   1.31682347  7.51485348
  3.88790607]","[6.76311779 8.01052475 6.18256664 6.88759518 0.70196414 5.97731876
 3.87609053]","[ 1.68406296 -1.49964142 -4.17739487 -1.88484478 -0.608302    1.53753471
  0.01181555]","['Powerful' 'in' 'the' 'wrong' 'hands,' 'is' 'that']"
52,"[6.82715225 4.00470829 7.81306648 0.30163267 3.39233732 1.23943925
 1.72798634]","[6.76311779 5.17843676 4.90732908 1.80116224 5.25692892 3.15843105
 5.26457691]","[ 0.06403446 -1.17372847  2.9057374  -1.4995296  -1.8645916  -1.9189918
 -3.53659058]",['She' 'had' 'refused' 'to' 'leave' 'her' 'home']
53,"[ 6.82715225  9.39666557  2.19560432  7.87448788  3.21115875 10.6144619
  5.44873333]","[6.76311779 5.17843676 3.50940895 7.46620798 3.18880248 6.30608654
 3.30210686]","[ 0.06403446  4.21822882 -1.31380463  0.4082799   0.02235627  4.30837536
  2.14662647]",['She' 'hid' 'the' 'boxes' 'and' 'matches' 'well']
54,"[ 2.68723798 12.67081261  5.90244579  6.41484642  7.77075958  5.02412653
  6.32704258]","[6.76311779 8.41159058 6.79017496 6.86151409 5.68389034 2.90641785
 2.67202568]","[-4.07588005  4.25922203 -0.88772917 -0.44666767  2.08686924  2.11770868
  3.6550169 ]",['The' 'bored' 'looking' 'soldier' 'continued' 'looking' 'bored']
55,"[2.68723798 9.11566353 6.43708324 3.52852869 7.97613811 2.0258441
 0.0369305 ]","[6.76311779 8.41159058 5.31178379 2.75141716 3.59846783 3.23021507
 0.37795854]","[-4.07588005  0.70407295  1.12529945  0.77711153  4.37767029 -1.20437098
 -0.34102803]",['The' 'dead' 'must' 'not' 'kill' 'the' 'living']
56,"[2.68723798 9.57374573 4.28672981 7.72103786 5.2619524  0.39054611
 4.50209236]","[6.76311779 8.41159058 5.71383953 4.18327808 3.26237345 1.91329813
 5.94811249]","[-4.07588005  1.16215515 -1.42710972  3.53775978  1.99957895 -1.52275205
 -1.44602013]",['The' 'prison' 'guard' 'walked' 'along' 'the' 'row']
57,"[ 2.68723798 10.47378826  2.74656177  7.40661716 11.40529585  6.18707323
  4.49068928]","[6.76311779 8.41159058 5.37917233 5.73177958 5.74211788 4.46387959
 2.25505733]","[-4.07588005  2.06219769 -2.63261056  1.67483759  3.47811413  1.72319365
  2.23563194]","['The' 'van' 'is' 'your' 'lead,' 'follow' 'that']"
58,"[8.36668253 5.20925856 5.67477179 2.58418584 2.18963766 0.08299448
 0.04042168]","[6.76311779 5.20086002 4.98066044 3.0170238  2.94855833 0.69654858
 0.35146505]","[-1.43773174  0.00839853  0.69411135 -0.43283796 -0.75892067 -0.61355412
 -0.31104338]","[""You're"" 'getting' 'up' 'early' 'in' 'the' 'morning']"
59,"[ 5.59084034  8.5797739   6.09593153  3.0850563   4.01364231  1.89889789
  1.63604188 12.09672165]","[6.76311779 5.77079582 3.00493813 5.3716116  6.13265896 2.71597767
 2.23839045 2.41770649]","[-1.17227745  2.80897808  3.0909934  -2.28655529 -2.11901665 -0.81707978
 -0.60234857  9.67901516]",['After' 'lunch' 'he' 'was' 'told' 'he' 'had' 'visitors']
60,"[ 9.01853275 11.55944061  5.40586901 11.23520756  7.50776434  1.98888135
  0.36625746  0.02305185]","[6.76311779 2.96515369 3.45721245 3.36540508 4.67636871 4.45700073
 2.35192037 0.16419667]","[ 2.25541496  8.59428692  1.94865656  7.86980247  2.83139563 -2.46811938
 -1.98566294 -0.14114481]",['Albert' 'spoke' 'before' 'Barbara' 'had' 'a' 'chance' 'to']
61,"[8.41957283 9.44873619 1.71857905 3.99798083 6.15691948 5.14196348
 0.43517673 7.42087364]","[6.76311779 4.71473265 4.39658976 7.65197992 0.39072084 4.6682868
 2.34419012 6.43853951]","[ 1.65645504  4.73400354 -2.6780107  -3.65399909  5.76619864  0.47367668
 -1.90901339  0.98233414]",['Come' 'within' 'the' 'walls' 'to' 'escape' 'the' 'enemy']
62,"[7.68005276 2.94945002 9.85508347 2.3554616  3.96741343 3.02325821
 6.83180714 7.66292095]","[6.76311779 3.68261814 1.43538511 3.5814755  3.85848188 3.09644604
 4.95895481 7.57639313]","[ 0.91693497 -0.73316813  8.41969872 -1.2260139   0.10893154 -0.07318783
  1.87285233  0.08652782]",['Follow' 'me' 'closely' 'and' 'watch' 'for' 'their' 'leader']
63,"[6.22000313 5.68732643 3.75235248 9.42756271 3.33360696 2.9630909
 0.05138449 4.39955473]","[6.76311779 5.22920847 4.26209354 5.28137636 4.86978245 4.10678101
 0.36890829 3.63599777]","[-0.54311466  0.45811796 -0.50974107  4.14618635 -1.53617549 -1.14369011
 -0.31752381  0.76355696]",['He' 'called' 'out' 'but' 'she' 'did' 'not' 'move']
64,"[6.22000313 7.1049571  1.5981977  2.55290365 3.12480402 0.53230608
 4.07611227 6.1225009 ]","[6.76311779 5.22920847 3.53288317 2.75763464 5.59028435 2.95030284
 5.22435856 2.80761623]","[-0.54311466  1.87574863 -1.93468547 -0.20473099 -2.46548033 -2.41799688
 -1.14824629  3.31488466]",['He' 'sat' 'down' 'and' 'began' 'to' 'eat' 'breakfast']
65,"[ 6.22000313  9.49666595  1.0032444   7.63239193  2.10127306  0.89415294
  0.35929477 10.60528278]","[6.76311779 5.22920847 4.60858536 7.4441781  2.91828537 2.51399279
 1.58894444 5.64886665]","[-0.54311466  4.26745749 -3.60534096  0.18821383 -0.81701231 -1.61983991
 -1.22964966  4.95641613]",['He' 'slammed' 'the' 'knife' 'down' 'on' 'the' 'lamb']
66,"[ 6.22000313 11.47180939  2.51123691  0.43665323  7.35747337  3.56552696
  2.23903275  1.5385325 ]","[6.76311779 5.22920847 3.89095306 2.24593878 6.2438879  3.12568569
 3.30276132 5.2072072 ]","[-0.54311466  6.24260092 -1.37971616 -1.80928552  1.11358547  0.43984127
 -1.06372857 -3.66867471]",['He' 'staggered' 'into' 'the' 'chair' 'at' 'his' 'desk']
67,"[ 4.05731678  5.36277771  0.58643293 10.7058506   1.64149177  7.42809582
  7.05859709 11.28120422]","[6.76311779 4.73105574 2.79102015 4.18923187 4.49356604 7.95467615
 3.23665237 3.40909529]","[-2.70580101  0.63172197 -2.20458722  6.51661873 -2.85207415 -0.52658033
  3.82194471  7.87210894]",['I' 'do' 'not' 'spare' 'the' 'birds' 'a' 'killing']
68,"[ 4.05731678  3.86638904  5.97545862 10.03623915 10.37693119  1.00437713
  5.12895679  4.42671871]","[6.76311779 4.73105574 3.93264246 7.50951385 7.55009937 3.30512285
 5.58092356 2.74633622]","[-2.70580101 -0.8646667   2.04281616 -2.35553503  2.82683182 -2.30074573
 -0.45196676  1.68038249]","['I' 'think' 'our' ""friend's"" 'demands' 'are' 'well' 'justified']"
69,"[6.7375946  2.76818013 6.61825657 5.71377468 5.71202564 2.3352437
 2.15806532 1.44592071]","[6.76311779 1.76306784 4.9831543  3.46723056 7.65631866 6.53444624
 3.35938931 3.92837381]","[-0.02552319  1.00511229  1.63510227  2.24654412 -1.94429302 -4.19920254
 -1.20132399 -2.48245311]",['Let' 'us' 'leave' 'these' 'poor' 'people' 'in' 'peace']
70,"[ 9.84015977 11.810112    1.28307104  2.05358434  2.20150137  4.00760698
  0.9260602   3.38233566]","[6.76311779 6.48378754 2.53808308 6.73027325 2.76810074 5.34813118
 2.66364861 2.78805184]","[ 1.9876709   5.32632446 -1.25501204 -4.67668915 -0.56659937 -1.3405242
 -1.73758841  0.59428382]",['Walter' 'closed' 'the' 'door' 'and' 'took' 'a' 'breath']
71,"[ 8.76363182 11.96240902  1.61869991  2.51069045  8.58059597  2.62857556
  0.89181513  2.87310457]","[6.76311779 6.64083147 3.34826565 2.70215607 5.48780251 2.56026602
 1.748595   5.62352514]","[ 2.00051403  5.32157755 -1.72956574 -0.19146562  3.09279346  0.06830955
 -0.85677987 -2.75042057]",['William' 'sat' 'down' 'and' 'tucked' 'into' 'his' 'breakfast']
72,"[10.80384099 10.61402225  5.39949751  0.52815664  0.96855009  5.15595818
  6.76163483  0.41999397]","[6.76311779 3.16554451 3.58183789 2.62345648 5.25400352 2.74138713
 4.79251099 1.14236319]","[ 2.52031612  7.44847775  1.81765962 -2.09529972 -4.28545332  2.41457105
  1.96912384 -0.72236919]",['Alec' 'stood' 'against' 'the' 'wall' 'to' 'steady' 'himself']
73,"[12.53339839  5.17399597  3.74652171  7.37294579  4.9305315   5.85799789
  1.83680248  5.54180193]","[6.76311779 4.42879581 4.31861687 4.84610033 3.32672691 2.68919635
 4.33658886 7.17135143]","[-0.44304943  0.74520016 -0.57209516  2.52684546  1.60380459  3.16880155
 -2.49978638 -1.6295495 ]",['No-one' 'else' 'had' 'dared' 'step' 'within' 'the' 'ring']
74,"[ 8.81814194  0.44292882  0.75131619  7.48740673  8.91782856 10.44191265
  2.08382797  1.64829266]","[6.76311779 1.78706956 2.27011132 7.49257278 1.18518424 5.11669159
 3.29483557 5.21605682]","[ 2.05502415e+00 -1.34414077e+00 -1.51879513e+00 -5.16605377e-03
  7.73264408e+00  5.32522106e+00 -1.21100760e+00 -3.56776428e+00]",['None' 'of' 'the' 'city' 'people' 'dress' 'like' 'that']
75,"[ 6.82715225  7.40070534  1.63421464 11.84708691  1.93926549  2.28378677
  1.59805703  0.29291007]","[6.76311779 5.17843676 4.41955805 7.93873549 3.8148191  4.15652943
 3.36463356 1.55578947]","[ 0.06403446  2.22226858 -2.78534341  3.90835142 -1.87555361 -1.87274265
 -1.76657653 -1.26287937]",['She' 'saw' 'the' 'throwing' 'knife' 'in' 'his' 'hand']
76,"[6.82715225 2.31399179 7.27182579 3.92247534 1.24943447 6.3304801
 8.63462734 4.11562347]","[6.76311779 5.17843676 5.91816044 3.55451894 3.19956613 6.58782864
 5.9114275  4.47744751]","[ 0.06403446 -2.86444497  1.35366535  0.3679564  -1.95013165 -1.50692511
  2.72319984 -0.36182404]","['She' 'was' 'smiling' 'in' 'the' 'dark,' 'teeth' 'flashing']"
77,"[10.44990921  4.19626713  8.85426903 13.04110718  0.25598723  1.16465926
  4.99563694  0.60042   ]","[6.76311779 3.01549411 4.09767056 2.88159561 1.29673302 3.05257607
 4.94751835 1.79743361]","[ 3.68679142  1.18077302  4.75659847 10.15951157 -1.04074574 -1.8879168
  0.04811859 -1.19701362]",['Shut' 'your' 'smart' 'foul' 'mouth' 'and' 'sit' 'down']
78,"[9.04085445 2.03369284 2.60533953 6.22796869 1.00213933 2.02640867
 1.81953216 7.74762487]","[6.76311779 3.11767817 3.43537974 2.59249687 3.29268265 3.39783812
 5.9811697  8.1761837 ]","[ 2.27773666 -1.08398533 -0.83004022  3.63547182 -2.29054332 -1.37142944
 -4.16163731 -0.42855883]",['Tell' 'me' 'what' 'really' 'happened' 'to' 'the' 'truck']
79,"[2.68723798 8.94612312 2.62238955 2.75392938 2.35715127 9.11551094
 4.49499321 2.55523014]","[6.76311779 8.41159058 3.9222095  4.51696587 3.35834336 5.11014843
 6.8653183  1.51280642]","[-4.07588005  0.53453255 -1.29981995 -1.76303649 -1.00119209  4.00536251
 -2.37032509  1.04242373]",['The' 'door' 'was' 'opened' 'and' 'Alexander' 'walked' 'out']
80,"[ 5.19362259  3.47640729 13.97382641  4.16788197  1.26377392  3.38536382
  0.81261533  6.27686977]","[6.76311779 2.04598904 5.16071177 4.81769753 2.55975866 5.80964708
 2.42858052 2.7975316 ]","[-1.5694952   1.43041825  8.81311417 -0.64981556 -1.29598475 -2.42428327
 -1.61596513  3.47933817]",['There' 'were' 'choked' 'screams' 'and' 'shouts' 'of' 'dismay']
81,"[ 5.19362259  4.49222279  0.19640224  8.61512756  5.70299721  4.84677076
 10.39794159  2.61069226]","[6.76311779 2.04598904 1.06945395 3.87216043 3.83769274 5.69369316
 3.16062307 4.82313013]","[-1.5694952   2.44623375 -0.8730517   4.74296713  1.86530447 -0.8469224
  7.23731852 -2.21243787]",['There' 'will' 'be' 'men' 'to' 'kill' 'either' 'way']
82,"[6.77447891 2.79771471 7.4132967  7.66644478 2.03120279 8.22349739
 0.48295391 2.74424696]","[6.76311779 4.54126167 6.55187464 5.79706717 3.17186165 2.77479863
 2.11125827 5.98245144]","[ 0.01136112 -1.74354696  0.86142206  1.86937761 -1.14065886  5.448699
 -1.62830436 -3.23820448]",['They' 'were' 'definitely' 'holding' 'hands' 'underneath' 'the' 'table']
83,"[11.61054395 10.3055954   7.8880682   3.32513905  5.20566654  7.80889702
  0.76543474  5.88314581  4.360816  ]","[6.76311779 6.88696575 5.0057826  4.81936455 5.00593996 4.67778826
 2.52037668 2.60919261 6.03638172]","[ 0.97361469  3.41862965  2.88228559 -1.4942255   0.19972658  3.13110876
 -1.75494194  3.2739532  -1.67556572]",['Claudia' 'still' 'teaches' 'and' 'still' 'claims' 'to' 'hate' 'it']
84,"[9.07659817 8.93878078 6.00717974 5.3457774  2.0931356  1.55132294
 1.75447714 0.04074734 7.21448898]","[6.76311779 3.23801708 3.51714802 6.72374582 3.90447402 3.19938803
 3.9639039  0.33647916 4.60106039]","[ 2.31348038  5.7007637   1.22820377 -1.3861413  -1.81133842 -1.64806509
 -2.20942688 -0.29573181  2.61342859]","['Burn' 'him' 'now,' ""don't"" 'wait' 'for' 'him' 'to' 'escape']"
85,"[7.13813511 7.78765726 3.01259947 5.70938587 4.97309303 0.51909202
 3.86410499 4.92794275 3.97034144]","[6.76311779 5.05145931 3.8902998  4.90326595 3.89467716 2.82495785
 4.66142464 2.36350107 5.61329699]","[-0.00736427  2.73619795 -0.87770033  0.80611992  1.07841587 -2.30586576
 -0.79731965  2.56444168 -1.64295554]","[""Don't"" 'die' 'of' 'cold' 'before' 'you' 'die' 'in' 'battle']"
86,"[7.72484493 7.63218904 4.5316062  1.29186308 2.73520041 9.44289255
 5.84373665 1.10428953 5.92102337]","[6.76311779 5.03301144 4.93288136 3.6089139  3.96404552 4.56752586
 4.36306238 2.90810704 2.61281252]","[ 0.96172714  1.72260284 -0.40127516 -2.31705093 -1.22884512  0.96644688
  1.48067427 -1.80381751  3.30821085]","['Good' 'God,' 'if' 'you' 'are' 'watching,' 'give' 'me' 'strength']"
87,"[ 6.22000313 12.34639379  2.56285071  3.58013296  1.10342228  5.20561504
  3.15464854  3.70656753  3.87598038]","[6.76311779 5.22920847 2.4235363  5.70374489 2.65606189 5.90702152
 1.30344224 6.55229187 3.72446442]","[-0.54311466  7.11578321  0.13931441 -2.12361193 -1.5526396  -0.70140648
  1.8512063  -2.84572434  0.15151596]",['He' 'heaved' 'his' 'shoulders' 'and' 'swung' 'the' 'axe' 'again']
88,"[6.22000313 2.88284254 8.42936707 7.68733692 1.74269009 8.86950493
 1.35300457 3.79573727 7.8400569 ]","[6.76311779 5.22920847 5.01831436 5.13580513 2.76744223 5.65339184
 3.57788134 4.31737614 5.96310234]","[-0.54311466 -2.34636593  3.4110527   2.55153179 -1.02475214  3.21611309
 -2.22487688 -0.52163887  1.87695456]",['He' 'is' 'after' 'glory' 'and' 'heads' 'for' 'his' 'hall']
89,"[6.22000313 6.11610413 8.1019907  0.94464779 1.12000847 4.27315283
 0.34138459 2.36770415 2.95369434]","[6.76311779 5.22920847 5.35883617 3.20912814 2.27107692 4.64771557
 1.77913094 4.59946823 5.01316643]","[-0.54311466  0.88689566  2.74315453 -2.26448035 -1.15106845 -0.37456274
 -1.43774629 -2.23176408 -2.05947208]",['He' 'just' 'wished' 'he' 'could' 'talk' 'to' 'his' 'dad']
90,"[6.22000313 9.7108326  7.19919586 5.4673171  3.68430138 1.41867328
 6.65704489 0.38245967 2.30864573]","[6.76311779 5.22920847 3.80123615 2.85559011 2.92988253 2.00927043
 5.70307636 1.298522   3.3491888 ]","[-0.54311466  4.48162413  3.39795971  2.611727    0.75441885 -0.59059715
  0.95396852 -0.91606236 -1.04054308]",['He' 'lay' 'his' 'sword' 'aside' 'and' 'extended' 'his' 'hands']
91,"[6.22000313 9.33848953 1.86430454 5.02317047 2.28569174 0.70803481
 0.74231303 7.66232586 4.47733831]","[6.76311779 5.22920847 2.74158621 5.09279537 3.33953476 2.22084236
 1.60059094 6.38553333 4.19188166]","[-0.54311466  4.10928106 -0.87728167 -0.0696249  -1.05384302 -1.51280761
 -0.85827792  1.27679253  0.28545666]",['He' 'sighed' 'and' 'walked' 'back' 'to' 'the' 'wood' 'shop']
92,"[6.22000313 8.54136658 3.68724799 3.41513062 6.80196333 2.1251564
 0.28515387 5.1452179  2.29199409]","[6.76311779 5.22920847 3.562361   2.45276022 4.78080702 1.90393066
 1.15370512 4.64932442 2.80677366]","[-0.54311466  3.31215811  0.12488699  0.9623704   2.02115631  0.22122574
 -0.86855125  0.49589348 -0.51477957]",['He' 'smiled' 'when' 'she' 'let' 'out' 'a' 'big' 'yawn']
93,"[6.22000313 2.38461351 9.18216228 1.35562074 2.74381018 3.00148463
 7.48498678 0.30867496 4.73651886]","[6.76311779 5.22920847 5.73384571 2.95518827 1.43321586 5.65274429
 3.12727356 1.6397841  0.86537397]","[-0.54311466 -2.84459496  3.44831657 -1.59956753  1.31059432 -2.65125966
  4.35771322 -1.33110917  3.87114477]",['He' 'was' 'leaning' 'against' 'his' 'truck' 'smoking' 'a' 'joint']
94,"[4.05731678 2.96961331 4.48980904 1.92376995 3.39469814 2.91346765
 8.25184727 3.61977601 2.48044634]","[6.76311779 4.73105574 5.61719227 2.52703094 4.76020718 3.17312741
 8.24302292 3.05907822 2.9721818 ]","[-2.70580101 -1.76144242 -1.12738323 -0.60326099 -1.36550903 -0.25965977
  0.00882435  0.56069779 -0.49173546]",['I' 'was' 'thinking' 'of' 'getting' 'the' 'band' 'together' 'again']
95,"[4.56346226 2.12368035 2.18026948 9.41504478 9.17008877 5.43370819
 0.76246887 4.36854219 0.90065753]","[6.76311779 2.35864997 5.14664745 6.60984707 5.3826046  5.03257036
 2.6742208  2.81933022 5.10114861]","[-2.19965553 -0.23496962 -2.96637797  2.80519772  2.79639626  0.40113783
 -1.91175199  1.54921198 -4.20049095]","['It' 'is' 'a' 'narrow' 'ship,' 'much' 'like' 'our' 'own']"
96,"[10.2331419  12.85246849  1.22241366  9.080019    1.3244257   6.88259554
  1.36182964  0.52682692  2.27370071]","[6.76311779 6.77380276 2.70523286 7.34913588 2.75600767 2.9931891
 4.03339624 1.74674129 4.69114017]","[ 3.47002411  6.07866573 -1.4828192   1.73088312 -1.43158197  3.88940644
 -2.67156649 -1.21991444 -2.41743946]",['Arthur' 'placed' 'the' 'bars' 'of' 'chocolate' 'on' 'the' 'counter']
97,"[ 6.82869148 10.07768631 11.50873756  1.07211721  4.37720823  4.2313652
  1.16865146  0.0602451   3.5670085 ]","[6.76311779 6.8041873  3.98900461 3.39092159 6.84673977 1.52968204
 2.42398095 0.29651785 2.6143508 ]","[ 0.06557369  3.27349901  7.51973295 -2.31880426 -2.46953154  2.70168304
 -1.25532949 -0.23627275  0.9526577 ]",['John' 'gave' 'Bernard' 'a' 'hard' 'slap' 'on' 'the' 'head']
98,"[ 7.20655942  2.45508337  5.13205051  3.46448755 10.01313913  3.48964167
  0.21897341  0.35426313  0.71154118]","[6.76311779 4.30516386 3.47582173 1.69638479 4.66321278 4.37140036
 1.28156304 1.75248313 2.55050468]","[-0.02552319 -1.85008049  1.65622878  1.76810277  4.04220581 -0.88175869
 -1.06258965 -1.39822006 -1.83896351]","[""Let's"" 'get' 'out' 'and' ""I'll"" 'buy' 'you' 'a' 'drink']"
99,"[ 7.20655942  4.61001062  3.89524984 11.34833241  3.31346846  2.41557908
  5.45236635  2.57290483  4.33328247]","[6.76311779 4.30516386 1.65173078 7.38532925 2.68813491 3.67342329
 4.60508871 4.26131248 3.3722024 ]","[-0.02552319  0.30484676  2.24351907  3.96300316  0.62533355 -1.25784421
  0.84727764 -1.68840766  0.96108007]","[""Let's"" 'have' 'the' 'gates' 'closed' 'and' 'go' 'home' 'early']"
100,"[ 7.69221306 11.90552998  1.25284362  6.0714035   1.81915808  2.90081763
  1.45614529  4.79459286  0.85266161]","[6.76311779 6.20773029 2.73558116 6.65533209 3.88931227 2.68455291
 3.80748796 7.11893082 1.68127263]","[ 0.92909527  5.69779968 -1.48273754 -0.58392859 -2.07015419  0.21626472
 -2.35134268 -2.32433796 -0.82861102]",['Andrew' 'closed' 'the' 'office' 'door' 'on' 'the' 'way' 'out']
101,"[8.51355457e+00 1.23810892e+01 5.03884888e+00 1.65902150e+00
 3.55049109e+00 3.78099036e+00 2.91090319e-03 3.38350199e-02
 6.72494015e-03]","[6.76311779 6.59059811 4.72446251 2.8907342  0.31381282 0.89349502
 0.03210453 0.19662653 0.06756733]","[ 1.75043678  5.7904911   0.31438637 -1.2317127   3.23667836  2.88749528
 -0.02919362 -0.16279151 -0.06084239]",['Charles' 'felt' 'sick' 'to' 'the' 'pit' 'of' 'his' 'stomach']
102,"[ 8.81729698 15.74679673  2.30053377  6.14462757  3.63474679  3.96241283
  4.0002327   0.14876594  4.79254675]","[6.76311779 6.59887886 2.77786684 5.51711559 3.00333095 1.55448091
 1.50680399 0.60364604 2.25947571]","[ 2.05417919  8.22652721 -0.47733307  0.62751198  0.63141584  2.4079318
  2.49342871 -0.45488012  2.53307104]","['Christopher' 'groaned' 'and' 'lay' 'his' 'hands' 'across' 'his'
 'stomach']"
103,"[ 8.23016167 10.69108105  5.25521135  1.88211584  0.06133749  3.30593562
  1.79118013  7.32151413  9.14565715]","[6.76311779 6.83303308 3.17071247 3.17905903 0.47358403 4.25096512
 2.69117808 5.46403599 5.61841202]","[ 1.46704388  3.85804796  2.08449888 -1.29694319 -0.41224653 -0.9450295
 -0.89999795  1.85747814  3.50422287]",['Dave' 'kicked' 'him' 'in' 'the' 'stomach' 'and' 'Paul' 'groaned']
104,"[11.52810252  8.5616436   2.70804167  7.07736397  4.70713186  4.53826046
  1.28325415  4.88103008  5.86647892]","[6.76311779 6.2001009  3.75265098 5.05302    2.47728252 5.48995304
 3.26652431 6.183424   1.91998327]","[ 4.4720583   2.3615427  -1.04460931  2.02434397  2.22984934 -0.95169258
 -1.98327017 -1.30239391  3.94649553]",['Dexter' 'opened' 'his' 'letter' 'and' 'found' 'a' 'photograph' 'inside']
105,"[10.31372368  8.10810852  1.71647346  6.29336119  1.03300714  8.54558754
  0.09737862  3.71670723  6.88708878]","[6.76311779 6.31653786 4.11819983 6.30455208 2.0457828  5.49887896
 0.72406209 5.1115284  4.75115824]","[ 2.32174969  1.79157066 -2.40172625 -0.01119089 -1.01277566  3.04670858
 -0.62668347 -1.39482117  2.13593054]",['Duncan' 'took' 'a' 'breath' 'and' 'wanted' 'to' 'be' 'sick']
106,"[ 8.98830509 14.1410284   0.96056616  0.86249751  1.7103703   8.02277952
  5.99448729  1.5356071   8.31920052]","[6.76311779 4.29923153 2.86046743 3.26043653 2.82855773 5.37297344
 2.31607342 2.69906521 3.35652399]","[ 2.2251873   9.84179688 -1.89990127 -2.39793897 -1.11818743  2.27563667
  3.67841387 -1.16345811  4.96267653]",['Edward' 'washed' 'his' 'hands' 'and' 'flicked' 'water' 'at' 'Bob']
107,"[6.82715225 6.76486015 3.10653853 2.93996263 1.96094549 2.33390141
 1.62950945 3.7132566  3.20893574]","[6.76311779 5.17843676 4.03409624 4.98897362 4.06850386 3.6935358
 3.15247321 1.05465603 3.11577368]","[ 0.06403446  1.5864234  -0.92755771 -2.04901099 -2.10755825 -1.3596344
 -1.52296376  2.65860057  0.09316206]",['She' 'turned' 'and' 'saw' 'him' 'standing' 'in' 'her' 'path']
108,"[ 6.77447891  7.45409155  7.96489763  5.42821264  0.83928806 11.45175362
  5.55024242  5.97489405  0.32995188]","[6.76311779 4.54126167 4.17938614 3.34209394 2.24832582 3.74923491
 6.39866924 2.69122648 1.11177123]","[ 0.01136112  2.91282988  3.78551149  2.0861187  -1.40903783  7.70251846
 -0.84842682  3.28366756 -0.78181934]",['They' 'turned' 'round' 'just' 'as' 'Frankie' 'walked' 'toward' 'them']
109,"[11.69880581  0.60746944  7.30076408  8.26831436  4.60505629  1.60443258
  4.23735237  2.33730769  4.44995499]","[6.76311779 3.20444012 8.27547455 4.11248875 5.61591101 4.75719213
 4.8891716  3.41283321 6.31347561]","[ 0.71539402 -2.59697056 -0.97471046  4.15582561 -1.01085472 -3.15275955
 -0.65181923 -1.07552552 -1.86352062]",['Underneath' 'the' 'table' 'her' 'hand' 'was' 'gripping' 'the' 'chair']
110,"[ 7.9522562  10.40716553 11.50986099  4.72396374  0.5454281   0.12862487
 12.40556049  4.36466111  3.01705551]","[6.76311779 2.66435337 5.16889    4.24555683 2.64255285 0.9508611
 1.65668643 5.37522984 3.42191792]","[ 1.18913841  7.74281216  6.34097099  0.47840691 -2.09712481 -0.82223624
 10.74887371 -1.01124191 -0.4048624 ]","['Whether' 'Peter' 'heard' 'him' 'or' 'not' 'Gabriel' ""didn't"" 'care']"
111,"[5.32538605 8.18264198 2.1770916  1.44653368 8.04418182 2.0425272
 1.20694602 3.80978179 0.4793075 ]","[6.76311779 3.76654816 4.31763935 4.71622705 7.16486645 4.0136404
 1.41807246 4.43210793 1.53003216]","[-1.43773174  4.41609383 -2.14054775 -3.26969337  0.87931538 -1.9711132
 -1.16663384 -0.62232614 -1.05072463]","['You' 'give' 'me' 'a' 'lead' 'and' ""I'll"" 'follow' 'it']"
112,"[ 6.05966473  2.67054796 11.64606571  3.90005755  0.80468273 12.4150219
  6.25671482  2.74657702  5.50361538  4.488451  ]","[6.76311779 6.85485744 7.6906147  4.24878645 4.27524471 6.49738026
 6.76356602 4.222435   5.83952999 2.85105491]","[-0.70345306 -4.18430948  3.95545101 -0.3487289  -3.47056198  5.91764164
 -0.5068512  -1.47585797 -0.33591461  1.6373961 ]",['All' 'the' 'bowls' 'from' 'the' 'empty' 'tables' 'are' 'cleared' 'up']
113,"[7.87613297 7.89572763 2.12342215 1.55245984 5.15026712 5.44122696
 1.24696577 0.72347021 3.52097821 3.57794142]","[6.76311779 7.67652225 5.4180398  3.8070066  5.37209845 3.27526546
 2.79609036 1.34385145 5.11748409 5.30737448]","[ 1.11301517  0.21920538 -3.29461765 -2.25454664 -0.22183132  2.1659615
 -1.5491246  -0.62038124 -1.59650588 -1.72943306]",['His' 'dark' 'hair' 'was' 'just' 'visible' 'under' 'his' 'white' 'hat']
114,"[7.87613297 9.00234604 4.65025234 3.24178553 5.62281895 0.95578516
 4.33390474 2.20588684 2.71938086 5.90184212]","[6.76311779 7.67652225 5.3696537  5.32371473 4.81584358 3.05652094
 3.08367491 4.11673164 2.38622808 5.16053772]","[ 1.11301517  1.32582378 -0.71940136 -2.08192921  0.80697536 -2.10073566
  1.25022984 -1.9108448   0.33315277  0.7413044 ]",['His' 'men' 'will' 'not' 'follow' 'him' 'and' 'they' 'are' 'few']
115,"[8.66891766 6.29127979 4.96538401 2.90982008 2.39849186 0.41439095
 1.11515676 7.16399002 3.17365384 6.63769627]","[6.76311779 4.08460808 2.12018251 5.24290085 3.90930319 1.35765207
 4.00752926 5.21254635 2.59557438 6.23569202]","[-2.70580101  2.20667171  2.84520149 -2.33308077 -1.51081133 -0.94326115
 -2.89335966  1.95144367  0.57807946  0.40200424]","[""I'll"" 'break' 'your' 'neck' 'if' 'you' ""don't"" 'fix' 'that' 'water']"
116,"[ 9.42006779 10.75773525 10.20949459  0.95671159  4.0396347   3.26523018
  1.52279913  2.02884054  5.87683153  5.22492933]","[6.76311779 6.83968735 3.7765708  3.46428633 6.57486153 2.40978003
 2.38685846 0.52654773 3.08084822 1.47266507]","[ 2.65695     3.9180479   6.43292379 -2.5075748  -2.53522682  0.85545015
 -0.86405933  1.50229287  2.79598331  3.75226426]",['Ian' 'gave' 'Geoffrey' 'a' 'hard' 'slap' 'across' 'his' 'right' 'ear']
117,"[ 9.38202763 11.15770149  4.61983824  2.87737894  1.54298675  6.84833241
  4.18052077  5.66547966  0.74699223  6.68065548]","[6.76311779 6.73183441 3.17322969 1.92149043 2.92905712 5.60663223
 2.58437395 6.19713449 2.96117592 5.33375502]","[ 2.61890984  4.42586708  1.44660854  0.95588851 -1.38607037  1.24170017
  0.29923248 -0.53165483 -2.21418381  1.34690046]","['Jake' 'smiled' 'again' 'at' 'his' 'baby' 'daughter,' 'she' 'was'
 'perfect']"
118,"[ 9.34961128 11.38474941  1.88950896  4.31323338  5.24125195  1.20022345
  6.44184256  0.99406898  5.44374228]","[6.76311779 5.30522633 4.74378872 6.83843899 1.00234342 3.43327332
 6.15757179 2.94362926 5.11541176]","[ 2.58649349  6.07952309 -2.85427976 -2.52520561  4.23890877 -2.23304987
  0.28427076 -1.94956028  0.32833052]",['Jimmy' 'liked' 'the' 'fact' 'they' 'were' 'calling' 'him' 'Jim']
119,"[ 8.63203812 14.57649368  2.49854088  4.00577831  0.73596263  9.1368167
  2.88625908  0.82806736  0.37971845  2.42629242]","[6.76311779 6.88020468 3.44164085 5.67048264 2.17313027 3.22362685
 3.26727986 1.73393559 1.04485989 3.78926635]","[ 1.86892033  7.47468138 -0.94309998 -1.66470432 -1.43716764  5.71638203
 -0.38102078 -0.90586823 -0.66514146 -1.36297393]","['Brian' 'sniffed' 'and' 'wiped' 'his' 'grubby' 'hand' 'across' 'his'
 'nose']"
120,"[ 7.86910725 13.13895607  4.82772589  2.11684871  2.55387497  9.01278877
  5.95231533  2.14732409  0.55487835  0.54131711]","[6.76311779 4.03821373 3.54839301 4.64117908 3.63821864 5.66418457
 5.67339039 3.35053968 1.40275359 1.4378581 ]","[ 1.10598946  9.10074234  1.27933288 -2.52433038 -1.08434367  3.3486042
  0.27892494 -1.2032156  -0.84787524 -0.896541  ]",['Phil' 'let' 'him' 'go' 'and' 'Charlie' 'fell' 'to' 'the' 'ground']
121,"[ 6.7375946   1.81860471 11.10444355  3.73838949  7.34084892  4.15960979
  4.84850311  4.5932188   2.40745735  1.37654555]","[6.76311779 1.76306784 3.82602978 3.5632863  5.40793514 3.67840171
 3.72629118 2.6890626  2.86912847 3.55251646]","[-0.02552319  0.05553687  7.27841377  0.17510319 -0.92586327  0.48120809
  1.12221193  1.90415621 -0.46167111 -2.17597103]","['Let' 'me' 'through' 'and' ""you'll"" 'hear' 'nothing' 'more' 'of' 'it']"
122,"[8.37789917e+00 7.02673626e+00 1.33111429e+00 5.00693893e+00
 2.32082343e+00 4.00401926e+00 4.44359827e+00 5.83200336e-01
 1.99250435e-03 9.22642291e-01]","[6.76311779 4.58525848 4.58644295 6.32198906 3.00975084 5.46147537
 4.49982595 1.42310929 0.02533874 3.73320675]","[ 1.61478138  2.44147778 -3.25532866 -1.31505013 -0.68892741 -1.45745611
 -0.05622768 -0.83990896 -0.02334623 -2.81056452]",['Men' 'could' 'be' 'paid' 'to' 'do' 'all' 'sorts' 'of' 'things']
123,"[10.34507585 12.26033211  6.32861137  3.73441768  0.04779394  1.85622799
  0.10557587 13.82487488  0.80166894  7.37526512]","[6.76311779 5.54356003 2.8951478  4.04653454 0.2823624  2.60918951
 0.60611343 2.60026646 1.94248068 5.38538265]","[ 2.7774229   6.71677208  3.43346357 -0.31211686 -0.23456846 -0.75296152
 -0.50053757 11.22460842 -1.14081168  1.98988247]",['Gilbert' 'sat' 'as' 'still' 'as' 'he' 'could' 'nursing' 'his' 'lip']
124,"[11.48842001 14.00013351  1.83718848  5.19360399  0.18030293  4.73262358
  4.59500408  0.18581894  0.43435144  0.38565549]","[6.76311779 6.31839657 2.66610432 5.12353992 0.92011058 5.24361563
 3.09146404 0.82481897 1.90033519 2.64019012]","[ 3.29872131  7.68173695 -0.82891583  0.07006407 -0.73980767 -0.51099205
  1.50354004 -0.63900006 -1.46598375 -2.25453472]",['Jacques' 'sighed' 'and' 'tried' 'to' 'move' 'out' 'of' 'the' 'way']
125,"[ 9.52263737  9.96240902  1.43769026  8.22717094  2.5069387  13.93278122
  4.54265547  0.79118311  0.42273268  4.6519022 ]","[6.76311779 6.27838182 3.70380783 5.58500624 2.17388678 5.02285099
 5.42552376 2.34659672 1.52434695 5.87834311]","[ 2.75951958  3.68402719 -2.26611757  2.64216471  0.33305192  8.90993023
 -0.88286829 -1.5554136  -1.10161424 -1.22644091]",['Jamie' 'took' 'a' 'cigarette' 'and' 'Andy' 'gave' 'him' 'a' 'light']
126,"[ 8.74420929 10.5118618   2.047755    0.55588996  3.35028696  1.8062017
  7.72138023  0.99371624  9.87001801  0.44875163]","[6.76311779 6.48187113 3.8136611  2.39328289 6.28207827 2.85327196
 5.12710667 1.90520477 4.98762512 2.29477406]","[ 1.9810915   4.02999067 -1.7659061  -1.83739293 -2.93179131 -1.04707026
  2.59427357 -0.91148853  4.88239288 -1.84602237]","['Joseph' 'walked' 'into' 'the' 'office' 'and' 'removed' 'his' 'flat'
 'cap']"
127,"[6.82715225 6.01594448 5.51562977 1.36110282 5.01798344 9.61474705
 1.32233822 3.3307395  0.17444369 3.21244431]","[6.76311779 5.17843676 4.44041348 3.94215679 6.46211243 4.55861807
 3.63744164 4.17732763 1.12150526 4.51797247]","[ 0.06403446  0.83750772  1.07521629 -2.58105397 -1.44412899  5.05612898
 -2.31510353 -0.84658813 -0.94706154 -1.30552816]",['She' 'would' 'soon' 'be' 'found' 'if' 'she' 'tried' 'to' 'hide']
128,"[2.68723798 9.13833523 7.80031252 2.7813623  1.44244552 5.08301878
 2.53016353 1.44801486 0.3672733  4.17459106]","[6.76311779 8.41159058 5.65270615 4.08657074 3.05078745 5.60803699
 3.30192041 3.02797079 1.06284797 6.19803429]","[-4.07588005  0.72674465  2.14760637 -1.30520844 -1.60834193 -0.52501822
 -0.77175689 -1.57995594 -0.69557464 -2.02344322]",['The' 'brothers' 'stood' 'up' 'and' 'came' 'down' 'from' 'the' 'platform']
129,"[ 8.72879124  5.68426228 13.10426235  5.46772289  1.98978186  0.98536909
  2.00532937  7.26246092  3.90518403  1.16641331  5.09261227]","[6.76311779 6.2746954  5.35083628 5.34173107 3.37586379 4.04053688
 2.59288502 3.1251359  1.79234135 4.25483608 6.97046185]","[ 1.96567345 -0.59043312  2.03826952  0.12599182 -1.38608193 -3.05516768
 -0.58755565  3.84085751  2.11284256 -3.08842278 -1.87784958]","['Anthony' 'was' 'approached,' 'just' 'as' 'he' 'had' 'predicted,' 'in'
 'the' 'park']"
130,"[ 6.96212292  3.78120852 10.56118965  6.59202957  1.72881663  1.48863029
 12.93386841  8.15319252  4.00557947  4.84365463  6.78735638]","[6.76311779 5.10556793 4.37065983 5.2962122  3.89739585 4.14181948
 1.94591153 5.50867176 1.2616334  6.32119274 2.73544073]","[ 0.19900513 -1.32435942  6.19052982  1.29581738 -2.1685791  -2.65318918
 10.987957    2.64452076  2.74394608 -1.47753811  4.05191565]","['Despite' 'what' 'Frank' 'had' 'told' 'her' 'Ellen' 'thanked' 'the'
 'young' 'soldier']"
131,"[6.22000313 5.68732643 9.43990326 4.19310808 2.7046175  6.74718809
 7.39414883 1.38385475 3.64313912 8.91263485 4.88063383]","[6.76311779 5.22920847 4.26209354 2.40580463 4.31725502 4.32808495
 4.28270817 2.77934885 1.69942236 3.52821565 3.2516799 ]","[-0.54311466  0.45811796  5.17780972  1.78730345 -1.61263752  2.41910315
  3.11144066 -1.3954941   1.94371676  5.38441944  1.62895393]","['He' 'called' 'earlier' 'and' 'I' 'already' 'arranged' 'to' 'go'
 'swimming' 'tomorrow']"
132,"[6.22000313 8.54580498 2.56186032 2.82845855 6.15392256 2.45471144
 4.81255484 3.17900157 2.13447118 0.53645825 6.77908993]","[6.76311779 5.22920847 4.29238033 5.8716526  3.57920241 3.56651282
 5.60791969 3.28748107 1.37922502 2.07714581 5.93217564]","[-0.54311466  3.31659651 -1.73052001 -3.04319406  2.57472014 -1.11180139
 -0.79536486 -0.1084795   0.75524616 -1.54068756  0.84691429]","['He' 'drove' 'his' 'truck' 'home' 'and' 'walked' 'down' 'to' 'the'
 'village']"
133,"[6.22000313 7.52003193 2.15636921 5.4516964  5.9157238  1.71678376
 4.21964645 2.41782165 3.64769602 0.12810355 1.16323423]","[6.76311779 5.22920847 3.72459245 5.85647297 1.82794595 2.31964588
 5.3365078  5.27962971 3.13693285 0.6064986  2.09281898]","[-0.54311466  2.29082346 -1.56822324 -0.40477657  4.08777809 -0.60286212
 -1.11686134 -2.86180806  0.51076317 -0.47839504 -0.92958474]","['He' 'held' 'his' 'mother' 'tight' 'and' 'she' 'cried' 'into' 'his'
 'chest']"
134,"[6.22000313 5.39495277 1.61150432 1.5857873  6.74905682 1.50771987
 5.85603857 3.14983702 2.94594717 0.56243855 1.81706679]","[6.76311779 5.22920847 3.31666374 5.48432255 7.48590374 2.87886119
 4.92559814 3.01938224 3.21224499 1.68506122 4.20753622]","[-0.54311466  0.1657443  -1.70515943 -3.89853525 -0.73684692 -1.37114131
  0.93044043  0.13045478 -0.26629782 -1.12262273 -2.39046955]",['He' 'went' 'to' 'the' 'door' 'and' 'walked' 'out' 'of' 'the' 'room']
135,"[7.87613297 9.63331604 1.90957117 6.75197506 4.43949747 1.71743035
 4.49076128 0.96198666 5.19402504 2.22884655 0.66862249]","[6.76311779 7.67652225 5.04156113 6.09484005 3.09930086 4.00141811
 4.57191133 3.04888725 4.08949089 3.72940922 3.49926662]","[ 1.11301517  1.95679379 -3.13198996  0.65713501  1.34019661 -2.28398776
 -0.08115005 -2.08690071  1.10453415 -1.50056267 -2.83064413]","['His' 'helmet' 'was' 'lost' 'but' 'he' 'could' 'still' 'do' 'some'
 'damage']"
136,"[ 8.3883419  10.79162979 11.1333189   2.37352705  3.41126755  5.41436291
  2.9897511   9.65295887  0.50761431  0.09597571  7.03555012]","[6.76311779 6.18885612 5.12654591 3.50786734 2.66065884 4.53826237
 3.78001928 5.97093773 1.58192277 0.61838257 4.31842995]","[ 1.62522411  4.60277367  6.00677299 -1.13434029  0.74980021  0.87610054
 -0.79026818  3.68202114 -1.0743084  -0.52240688  2.71712017]","['Ken' 'just' 'hoped' 'he' ""wasn't"" 'taking' 'his' 'temper' 'out' 'on'
 'Chris']"
137,"[9.80635917e+00 1.42539635e+01 2.11198854e+00 2.02054667e+00
 8.10429733e-03 2.68006861e-01 9.39885259e-01 1.54453826e+00
 8.73653793e+00 1.84981883e-01 1.82844605e-02]","[6.76311779 6.45219612 2.64576459 6.70399237 0.08009863 1.83090234
 1.59604406 2.55175161 4.98278379 0.82647687 0.18327726]","[ 1.16038895  7.80176735 -0.53377604 -4.68344593 -0.07199433 -1.56289554
 -0.6561588  -1.00721335  3.75375414 -0.64149499 -0.16499281]","['Lawrence' 'rubbed' 'the' 'back' 'of' 'his' 'neck' 'and' 'hung' 'his'
 'head']"
138,"[ 9.66431808  9.78413868  1.01646984  3.57619309 13.75393486  6.46301842
  2.18284273  2.67392111  0.16744614  0.22966179  3.04301047]","[6.76311779 3.99875093 2.89343023 1.46435165 5.33027554 6.36502123
 2.69535041 2.54229212 0.93150949 1.14962184 3.01908016]","[ 2.90120029  5.78538799 -1.8769604   2.11184144  8.42365932  0.09799719
 -0.51250768  0.13162899 -0.76406336 -0.91996002  0.02393031]",['Lewis' 'sat' 'down' 'and' 'Lucy' 'laid' 'her' 'hand' 'on' 'his' 'cheek']
139,"[ 8.39653873 11.28388023  5.60450792  0.36401463  1.06508565  3.14996171
  0.53467494  1.56784773  1.6430403   0.07886606  0.43322974]","[6.76311779 6.56895494 3.46759391 1.7069211  5.38124275 2.71275187
 2.23728585 3.85400987 3.32525778 0.29949772 0.73075616]","[ 1.63342094  4.71492529  2.13691401 -1.34290648 -4.31615734  0.43720984
 -1.70261097 -2.28616214 -1.68221748 -0.22063166 -0.29752642]","['Matthew' 'stood' 'against' 'the' 'wall' 'with' 'his' 'hands' 'behind'
 'his' 'back']"
140,"[8.30964565 7.64080906 8.07719135 5.75979614 3.54435635 5.12929487
 3.40361166 2.07529116 8.14232159 2.80063915 3.96923089]","[6.76311779 3.1768136  3.38670564 4.24582386 3.63285947 5.46715355
 3.62637949 3.70133448 6.7205534  3.99214911 6.12433815]","[ 1.54652786  4.46399546  4.69048595  1.51397228 -0.08850312 -0.33785868
 -0.22276783 -1.62604332  1.42176819 -1.19150996 -2.15510726]",['Run' 'along' 'home' 'now' 'and' 'bring' 'us' 'some' 'men' 'to' 'kill']
141,"[6.82715225 5.99324417 5.0377388  3.8578949  2.96425962 5.01279306
 3.67649412 0.88269997 5.50019693 4.46558857 0.43739238]","[6.76311779 5.17843676 5.3024931  4.85614634 2.27799654 2.54862547
 2.39898872 3.40738201 3.56076884 2.75404596 2.18853092]","[ 0.06403446  0.81480742 -0.2647543  -0.99825144  0.68626308  2.46416759
  1.2775054  -2.52468204  1.93942809  1.71154261 -1.75113857]","['She' 'just' 'kept' 'telling' 'herself' 'he' 'had' 'to' 'learn' 'a'
 'lesson']"
142,"[ 6.82715225 10.81932068  0.16429125  6.34074497  0.65910125  9.66740036
  2.58508563  2.02802038  5.52710056  1.16918135  6.41092205]","[6.76311779 5.17843676 0.95495462 4.57387447 2.11646938 4.60089207
 5.57291889 4.88282108 6.81687641 2.77841473 4.50957966]","[ 0.06403446  5.64088392 -0.79066336  1.7668705  -1.45736814  5.06650829
 -2.98783326 -2.8548007  -1.28977585 -1.60923338  1.90134239]","['She' 'wound' 'up' 'talking' 'to' 'Barry' 'about' 'her' 'time' 'in'
 'India']"
143,"[ 2.68723798 11.15999317  3.01735044 14.5577755   4.28269482  7.18290949
  8.59901142  0.27478251  3.39193463 10.15057755  1.69013548]","[6.76311779 8.41159058 4.51221657 5.16158819 4.86514473 4.7958374
 5.15756273 1.71954966 5.27726269 3.28051448 1.86085653]","[-4.07588005  2.7484026  -1.49486613  3.85724878 -0.58244991  2.38707209
  3.44144869 -1.44476712 -1.88532805  6.87006283 -0.17072105]","['The' 'gate' 'was' 'double,' 'one' 'huge' 'mass' 'of' 'wood' 'following'
 'another']"
144,"[ 2.68723798 12.68223381  5.83943129  5.1337204   2.55920601  4.12616158
  2.13496521  6.12634897  2.28902149  3.75064087  5.40491438]","[6.76311779 8.41159058 7.4840107  5.72678089 4.30474567 5.56892824
 1.58101857 5.84822369 5.45525408 0.78859645 1.45988762]","[-4.07588005  4.27064323 -1.64457941 -0.59306049 -1.74553967 -1.44276667
 -1.13645065  0.27812529 -3.16623259  2.96204448  3.94502687]","['The' 'gathered' 'villagers' 'took' 'a' 'step' 'back,' 'almost' 'as'
 'one' 'man']"
145,"[ 4.8400259   7.92650127  7.83682823 10.76866436  7.47600746  5.39656925
  1.62994862  3.33864832  6.38207531  5.2343626   0.40687665]","[6.76311779 4.58979988 5.00953674 2.42662668 4.03815365 5.03858614
 2.54457331 4.23854065 3.33272505 3.19834995 2.64431667]","[-1.92309189  3.33670139  2.82729149  8.3420372   3.43785381  0.35798311
 -0.91462469 -0.89989233  3.04935026  2.03601265 -2.23744011]","['We' 'shall' 'arrive' 'properly' 'or' 'you' 'will' 'never' 'live' 'this'
 'down']"
146,"[ 6.04876709  5.21316814  7.31404114  6.06994295  2.99292326  2.94174272
 11.20014954 10.97046471  6.6171999   1.59141016  5.53103971]","[6.76311779 6.039114   4.21046019 3.58799267 4.03328609 4.88495541
 6.05443144 5.20820332 3.09544182 1.96659398 4.89355755]","[-0.7143507  -0.82594585  3.10358095  2.48195028 -1.04036283 -2.60481787
  5.1457181   5.76226139  3.52175808 -0.37518382  0.63748217]","['While' 'they' 'sat' 'drinking' 'their' 'tea,' 'Mick' 'dug' 'them' 'a'
 'trench']"
147,"[5.32538605 2.89149523 7.8854537  0.12617902 1.01389992 4.71458149
 1.02708721 2.31184506 3.52919388 4.02363205 0.4645474 ]","[6.76311779 3.76654816 3.26044822 0.78319687 2.12028003 5.52554274
 2.52064395 4.34537935 5.81230593 2.95286965 1.17735529]","[-1.43773174 -0.87505293  4.62500572 -0.65701783 -1.10638011 -0.81096125
 -1.49355674 -2.03353429 -2.28311205  1.0707624  -0.71280789]","['You' 'know' 'better' 'than' 'to' 'talk' 'to' 'your' 'mother' 'like'
 'that']"
148,"[5.32538605 2.89149523 2.13309813 5.20045853 5.39696884 3.91483426
 1.86591482 3.87509441 1.4711132  2.91269612 0.00835542]","[6.76311779 3.76654816 3.26044822 6.22882748 3.70358539 3.71935773
 2.8537631  1.49648643 1.70273924 2.75457764 0.08553031]","[-1.43773174 -0.87505293 -1.12735009 -1.02836895  1.69338346  0.19547653
 -0.98784828  2.37860799 -0.23162603  0.15811849 -0.07717489]",['You' 'know' 'that' 'I' 'will' 'do' 'whatever' 'you' 'ask' 'of' 'me']
149,"[5.32538605e+00 6.97133880e+00 1.77094793e+00 4.10376215e+00
 8.51471710e+00 5.89889622e+00 5.30523109e+00 3.03128147e+00
 2.90717870e-01 3.00305665e-01 2.74305488e-03]","[6.76311779 3.76654816 4.64960289 1.51245463 5.05509615 4.63420486
 7.10324192 3.30053496 2.08787632 2.01396465 0.03490448]","[-1.43773174  3.20417166 -2.87865496  2.59130764  3.45962095  1.26469135
 -1.79801083 -0.26925349 -1.79715848 -1.71365905 -0.03216143]","['You' ""shouldn't"" 'have' 'been' 'racing' 'my' 'truck' 'in' 'the' 'first'
 'place']"
150,"[3.71531987 9.58291721 5.25904989 1.17734921 2.64720297 2.1880002
 1.17166519 0.24471684 3.59606671 0.73344302 5.99356508 0.94640207]","[6.76311779 7.73409748 4.08007574 2.00574565 5.61048698 1.35051584
 2.30093813 1.69654906 5.24711323 1.79785192 3.93286037 3.84756756]","[-3.04779792  1.84881973  1.17897415 -0.82839644 -2.96328402  0.83748436
 -1.12927294 -1.45183218 -1.65104651 -1.0644089   2.06070471 -2.90116549]",['A' 'smile' 'came' 'to' 'his' 'lips' 'as' 'he' 'thought' 'of' 'an' 'idea']
151,"[6.05966473 8.66508293 1.06336331 5.16392899 0.45815006 0.97153318
 7.92428493 3.43214512 1.23644018 4.49841166 0.44467556 0.14784308]","[6.76311779 6.85485744 2.08240366 2.44629359 1.04931486 3.65872359
 5.32789898 5.41578913 3.99806261 2.38515329 1.31289077 0.76275063]","[-0.70345306  1.81022549 -1.01904035  2.71763539 -0.59116483 -2.68719053
  2.59638596 -1.98364401 -2.76162243  2.11325836 -0.8682152  -0.61490756]","['All' 'last' 'week' 'there' 'was' 'a' 'white' 'van' 'parked' 'across'
 'the' 'street']"
152,"[ 8.07940197 12.24201584  7.36968946  0.35706735  1.49907851  3.35948753
  6.88115692  0.08281399  1.21713126  0.77794123  1.33270299  4.15466118]","[6.76311779 2.93010902 6.38189411 1.64830291 2.62507915 6.46394062
 6.83363247 0.54109967 2.39728212 2.14643836 4.58646584 5.73863888]","[ 1.31628418  9.31190681  0.98779535 -1.29123557 -1.12600064 -3.10445309
  0.04752445 -0.45828569 -1.18015087 -1.36849713 -3.25376272 -1.5839777 ]","['Finally' 'Maria' 'sat' 'down' 'with' 'a' 'cup' 'of' 'tea' 'and' 'a'
 'sandwich']"
153,"[6.22000313 4.85626196 4.63681316 0.67829823 2.2079227  2.41046715
 3.13739896 1.0597403  6.81380749 2.57947898 1.43785679 0.96585411]","[6.76311779 5.22920847 5.01241112 2.71075344 3.55618262 3.94665885
 4.4672451  3.92874432 6.05002499 3.18966341 3.00748158 1.44584465]","[-0.54311466 -0.37441921 -0.37559795 -2.03245521 -1.34825993 -1.5361917
 -1.32984614 -2.86900401  0.7637825  -0.61018443 -1.56962478 -0.47999054]","['He' ""didn't"" 'seem' 'to' 'mind' 'that' 'she' 'was' 'screaming' 'in'
 'his' 'ear']"
154,"[6.22000313 9.33103943 3.69856215 0.03873146 3.8593297  6.14828444
 1.67938471 9.62065315 4.62819767 0.99936891 2.95592141 3.20758414]","[6.76311779 5.22920847 4.90352249 0.25300726 3.57115865 3.98143291
 2.28742909 5.19911575 2.38832045 2.02411222 2.15527725 0.78246129]","[-0.54311466  4.10183096 -1.20496035 -0.21427581  0.28817105  2.16685152
 -0.60804439  4.4215374   2.23987722 -1.02474332  0.80064416  2.42512274]","['He' 'drank' 'too' 'much' 'at' 'times' 'and' 'washed' 'too' 'little' 'at'
 'times']"
155,"[ 6.22000313 11.84914207  0.97457564  0.57181883  1.78023362  0.03594221
  0.07357112  0.88040042  5.2817173   5.41193247  0.37954465  9.04362392]","[6.76311779 5.22920847 2.9852922  2.59579802 2.49937844 0.21524866
 0.6289736  1.77620888 5.29216719 1.7660681  1.10740578 3.29841018]","[-0.54311466  6.61993361 -2.01071644 -2.02397919 -0.71914482 -0.17930645
 -0.55540246 -0.89580846 -0.01044989  3.64586449 -0.72786117  5.74521351]","['He' 'folded' 'his' 'arms' 'across' 'his' 'chest' 'and' 'put' 'out' 'his'
 'lip']"
156,"[ 6.22000313  4.0707159   6.65431452  7.16356945  3.22474623  4.6564002
  3.46735907  0.03849266  1.03488374  1.19506955  6.38382483 11.01456451]","[6.76311779 5.22920847 4.99495459 7.08872175 3.08843994 3.43982458
 5.06064796 0.30209583 2.85269642 2.22006226 4.82891607 2.39728832]","[-0.54311466 -1.15849257  1.65935993  0.0748477   0.13630629  1.21657562
 -1.5932889  -0.26360318 -1.81781268 -1.0249927   1.55490875  8.61727619]","['He' 'had' 'another' 'shock' 'when' 'they' 'told' 'him' 'he' 'was'
 'moving' 'cells']"
157,"[6.22000313 7.36857939 1.79651523 3.16760683 2.3199873  0.63232422
 0.23531276 0.92029607 4.16289806 1.50960803 0.3327316  5.87043095]","[6.76311779 5.22920847 3.89371538 6.07755852 2.44057941 1.35996461
 1.21427178 1.95037639 5.31076431 2.45265484 1.00917685 4.38573647]","[-0.54311466  2.13937092 -2.09720016 -2.90995169 -0.12059212 -0.72764039
 -0.97895902 -1.03008032 -1.14786625 -0.94304681 -0.67644525  1.48469448]","['He' 'put' 'his' 'hands' 'in' 'his' 'pockets' 'and' 'leaned' 'against'
 'the' 'truck']"
158,"[ 6.22000313  2.38461351  8.26280499  3.49765158  5.65964794  1.29291391
 10.52165413  0.29804581  4.28072929  2.14255881  0.86298227  0.02390364]","[6.76311779 5.22920847 5.73384571 2.84658337 5.86744404 2.65850973
 6.46216869 1.92064428 5.5912776  4.66168499 3.98963451 0.16466959]","[-0.54311466 -2.84459496  2.52895927  0.65106821 -0.2077961  -1.36559582
  4.05948544 -1.62259841 -1.31054831 -2.51912618 -3.12665224 -0.14076595]","['He' 'was' 'built' 'with' 'muscle' 'and' 'liked' 'to' 'throw' 'his'
 'weight' 'around']"
159,"[ 4.05731678  2.84569001 10.44175124  9.8185339   4.82047319  1.82184863
  0.58299744  6.45676661  2.03476667  5.16618681  3.53568792  7.49960136]","[6.76311779 4.73105574 5.2341013  4.29850483 4.5687418  1.74568903
 2.54255438 3.0365262  3.46990728 4.53049135 2.38728714 7.01065111]","[-2.70580101 -1.88536572 -1.51751256  5.52002907 -0.68355012  0.0761596
 -1.95955694  3.4202404  -1.43514061  0.63569546  1.14840078  0.48895025]","['I' 'am' 'trying,' 'old' 'man,' 'but' 'I' 'would' 'rather' 'kill' 'the'
 'ship']"
160,"[4.05731678 8.2132988  3.475775   2.36272621 9.10877323 3.75405717
 2.65457654 5.52667141 1.5368222  1.06736827 0.17139941 6.89746428]","[6.76311779 4.73105574 4.87881279 3.76693344 6.75091839 4.55870533
 4.72854042 1.51152825 2.20945168 3.3913908  1.10500407 5.32965231]","[-2.70580101  3.48224306 -1.40303779 -1.40420723  2.35785484 -0.80464816
 -2.07396388  4.01514339 -0.67262948 -2.32402253 -0.93360466  1.56781197]","['I' 'shall' 'have' 'a' 'victory' 'and' 'I' 'want' 'it' 'to' 'be'
 'remembered']"
161,"[ 4.08315659  1.6186831   6.46158886 14.13958931  6.31940937  8.15163803
  3.23761892  0.60868239  3.87979841  4.08449173  0.09668656  0.56820524]","[6.76311779 4.78576374 6.18782854 2.81782436 5.6141758  3.39676642
 2.19844723 2.70423365 3.80350685 2.48542953 0.43434709 1.07998276]","[-2.6799612  -3.16708064  0.27376032 11.32176495  0.70523357  4.75487137
  1.0391717  -2.09555125  0.07629156  1.5990622  -0.33766055 -0.51177752]","['In' 'the' 'morning' 'Mickey' 'stood' 'straight' 'with' 'his' 'hand'
 'behind' 'his' 'back']"
162,"[4.08315659 1.6186831  6.46158886 5.51130295 5.09226608 8.71213818
 8.76557732 1.79154611 2.04389501 7.54820728 1.90129054 1.86112726]","[6.76311779 4.78576374 6.18782854 2.81782436 4.96079254 2.29483795
 6.60719013 3.49985909 3.57102919 6.79939461 3.52933025 2.45236182]","[-2.6799612  -3.16708064  0.27376032  2.69347858  0.13147354  6.41730022
  2.15838718 -1.70831299 -1.52713418  0.74881268 -1.62803972 -0.59123456]","['In' 'the' 'morning' 'at' 'breakfast' 'Mike' 'smiled' 'at' 'the' 'letter'
 'he' 'received']"
163,"[4.56346226 5.88785839 0.51341915 3.50393105 1.64076388 0.06803931
 9.08595562 3.91635036 2.20007706 5.87517118 0.58322889 2.41346788]","[6.76311779 2.35864997 2.29406524 4.19216061 1.91393316 0.44406867
 5.172647   6.51840687 4.98730659 5.25072384 2.0872941  5.12885475]","[-2.19965553  3.52920842 -1.78064609 -0.68822956 -0.27316928 -0.37602937
  3.91330862 -2.6020565  -2.78722954  0.62444735 -1.50406528 -2.71538687]","['It' 'had' 'been' 'two' 'weeks' 'since' 'Philip' 'had' 'been' 'sent' 'to'
 'prison']"
164,"[ 4.56346226  2.12368035  2.72005773  2.85114598  4.45006704 10.25777137
  1.33993852  4.97236204  2.52484155  4.81210327  5.69069576  1.59582353]","[6.76311779 2.35864997 5.14664745 4.50593758 6.16203785 6.04274082
 4.96446848 6.87623692 2.04761004 4.96838331 4.65432787 2.72536039]","[-2.19965553 -0.23496962 -2.42658973 -1.65479159 -1.71197081  4.19050312
 -3.62452984 -1.90387487  0.4772315  -0.15628004  1.03636789 -1.12953687]","['It' 'is' 'not' 'the' 'most' 'fragrant' 'of' 'places' 'but' 'we' 'make'
 'do']"
165,"[7.45331573e+00 1.06018372e+01 2.47079468e+00 2.84450817e+00
 8.02209949e+00 1.00098543e+01 3.99389505e+00 3.84547472e+00
 3.29631615e+00 5.05006671e-01 8.92424118e-03 4.31839712e-02]","[6.76311779 6.66700315 3.28941965 3.42674494 3.52303267 3.29108119
 3.73921227 3.67858028 2.36216879 1.92169094 0.09284277 0.26504725]","[ 0.69019794  3.934834   -0.81862497 -0.58223677  4.49906683  6.71877289
  0.25468278  0.16689444  0.93414736 -1.41668427 -0.08391853 -0.22186328]","['James' 'walked' 'in' 'to' 'wake' 'Samuel' 'at' 'four' 'thirty' 'in'
 'the' 'morning']"
166,"[6.73759460e+00 2.76818013e+00 5.29400063e+00 1.14887180e+01
 2.58831233e-01 4.35517311e+00 6.31725597e+00 7.52970409e+00
 6.82532406e+00 2.05031204e+00 1.68172233e-02 4.03317017e-03]","[6.76311779 1.76306784 4.9831543  2.87226081 1.57210422 4.28810263
 7.2034502  5.39566803 3.0174942  1.19105887 0.13388757 0.04459596]","[-0.02552319  1.00511229  0.31084633  8.61645699 -1.31327295  0.06707048
 -0.88619423  2.13403606  3.80782986  0.85925317 -0.11707035 -0.04056279]","['Let' 'us' 'give' 'battle' 'to' 'these' 'foreign' 'snakes' 'once' 'and'
 'for' 'all']"
167,"[ 9.66356277  8.15780449  2.72318602  1.52504885  0.81591326 10.32254791
  0.61852956 11.97364902  4.48005486  2.66356683  0.58405256  4.04572678]","[6.76311779 6.44564962 2.86470246 3.11352253 2.80366087 5.66345215
 2.67593813 3.78975201 3.86527109 4.74095726 1.43980193 5.22220755]","[ 0.63883972  1.71215487 -0.14151645 -1.58847368 -1.98774767  4.65909576
 -2.05740857  8.18389702  0.61478376 -2.07739043 -0.85574937 -1.17648077]","['Tommy' 'came' 'out' 'of' 'the' 'staff' 'room' 'toilet' 'looking' 'a'
 'little' 'pale']"
168,"[ 7.39834118 11.58614826  5.17533779  6.67642069  7.37389946  3.87089777
  3.45197773  2.2634244   2.79900742  8.47727776  0.16278979  1.04649544]","[6.76311779 6.74316025 3.89558148 2.29242873 3.20865631 3.41841149
 3.10428977 4.60784006 3.78681564 3.62012959 0.68369675 2.52962422]","[ 0.63522339  4.84298801  1.27975631  4.3839922   4.16524315  0.45248628
  0.34768796 -2.34441566 -0.98780823  4.85714817 -0.52090693 -1.48312879]","['Michael' 'knew' 'they' 'never' 'hit' 'him' 'and' 'that' 'was' 'half'
 'the' 'problem']"
169,"[9.06268501 8.63235474 8.23420525 2.35754538 2.6298461  5.96812916
 4.76271486 5.24153662 5.52481651 4.38757563 2.52398992 3.49344182]","[6.76311779 6.52488041 4.03830862 3.45582986 3.66897869 4.64184761
 4.33124495 2.89001608 3.22632504 4.45310211 2.02933455 5.51287746]","[ 2.29956722  2.10747433  4.19589663 -1.09828448 -1.0391326   1.32628155
  0.43146992  2.35152054  2.29849148 -0.06552649  0.49465537 -2.01943564]","['Alan' 'told' 'Jason' 'he' 'would' 'just' 'sit' 'outside' 'to' 'have'
 'his' 'lunch']"
170,"[6.49861717 3.63052893 6.11390877 3.2230444  5.44710541 9.06147957
 1.99223101 4.75596046 6.33901691 2.30118322 0.8032909  3.5409255 ]","[6.76311779 3.8218801  8.1534481  4.06371832 5.72255993 2.89356422
 4.93410969 5.56079388 2.59338307 2.39489412 2.06257057 2.30506134]","[-0.26450062 -0.19135118 -2.03953934 -0.84067392 -0.27545452  6.16791534
 -2.9418788  -0.80483341  3.74563384 -0.0937109  -1.25927973  1.23586416]",['Now' 'the' 'man' 'is' 'coming' 'who' 'will' 'give' 'it' 'back' 'to' 'me']
171,"[ 6.82715225 10.306674    0.39723545  3.75880384  5.70241022  5.48936033
  5.42784882  0.64162302  0.70140082  4.69799042  3.44735169  4.61807775]","[6.76311779 5.17843676 2.35324812 4.94283295 4.36631489 5.00914097
 4.63005877 2.94820642 2.89159226 4.01198769 4.62077713 0.46133912]","[ 0.06403446  5.12823725 -1.95601273 -1.1840291   1.33609533  0.48021936
  0.79779005 -2.3065834  -2.19019151  0.68600273 -1.17342544  4.15673876]","['She' 'threatened' 'to' 'leave' 'before' 'and' 'this' 'time' 'she' 'just'
 'had' 'enough']"
172,"[ 2.68723798  4.35878944 10.31278324  9.0071764   2.07879686  6.38128614
  6.80305481  3.41063881  2.36796093  8.10763359  0.5783695   3.13358498]","[6.76311779 8.41159058 6.70716763 4.86834288 3.0515132  3.45236564
 7.02858543 4.30007935 5.67152643 5.29529858 1.96275771 3.51750517]","[-4.07588005 -4.05280113  3.60561562  4.13883352 -0.97271633  2.92892051
 -0.22553062 -0.88944054 -3.3035655   2.81233501 -1.38438821 -0.38392019]","['The' 'first' 'knife' 'caught' 'in' 'her' 'skirt' 'and' 'she' 'shook'
 'it' 'free']"
173,"[2.68723798 5.59343576 3.10075188 7.19259691 9.00681973 2.10114074
 1.23460269 2.4819231  5.57512379 0.48884004 8.09438324 2.51064444]","[6.76311779 8.41159058 4.5984478  4.64627981 5.85639477 2.26109314
 2.22164726 1.97474647 4.95900822 1.80977559 5.27227592 6.23376846]","[-4.07588005 -2.81815481 -1.49769592  2.5463171   3.15042496 -0.1599524
 -0.98704457  0.50717664  0.61611557 -1.32093549  2.82210732 -3.72312403]","['The' 'last' 'thing' 'Alex' 'felt' 'like' 'doing' 'after' 'work' 'was'
 'more' 'work']"
174,"[2.68723798 9.86987019 2.44476676 5.54421234 3.45867515 3.58042717
 0.23210245 0.34205452 6.01195145 3.50517607 9.42524242 2.42276382]","[6.76311779 8.41159058 4.61674833 5.51865387 6.23386002 1.99012184
 1.13732195 1.79364789 6.80457354 3.84411764 6.67543554 3.08881783]","[-4.07588005  1.45827961 -2.17198157  0.02555847 -2.77518487  1.59030533
 -0.9052195  -1.4515934  -0.79262209 -0.33894157  2.74980688 -0.66605401]","['The' 'truck' 'was' 'an' 'older' 'version' 'of' 'the' 'ones' 'the'
 'others' 'drove']"
175,"[ 6.77447891  9.17715836  0.52665663  2.09703612  5.22681618  5.40862226
  2.75187564  8.02771187  5.9205699  11.23744774  2.86230993  2.07265925]","[6.76311779 4.54126167 2.31543279 1.81494558 7.45304585 5.75564146
 3.43565369 4.87411022 4.72631836 4.79321814 3.49369478 4.68505764]","[ 0.01136112  4.63589668 -1.78877616  0.28209054 -2.22622967 -0.3470192
 -0.68377805  3.15360165  1.19425154  6.4442296  -0.63138485 -2.61239839]","['They' 'stared' 'at' 'the' 'black' 'wall' 'and' 'now' 'this' 'offered'
 'no' 'comfort']"
176,"[4.8400259  5.93626785 5.02301645 0.28228885 1.53583145 5.54566717
 4.30605841 3.83971047 0.01760206 2.62959814 7.60001421 0.17702763]","[6.76311779 4.58979988 4.40510559 1.51418233 5.70651436 8.33000946
 2.23861837 4.27289963 0.15394408 3.37302709 4.14143372 0.98707098]","[-1.92309189  1.34646797  0.61791086 -1.23189354 -4.17068291 -2.78434229
  2.06744003 -0.43318915 -0.13634202 -0.74342895  3.45858049 -0.81004333]","['We' 'should' 'talk' 'about' 'the' 'things' 'people' 'talk' 'about' 'on'
 'first' 'dates']"
177,"[ 6.23794842  4.67229911  1.4553926   4.43117714  1.351197    1.89391661
  3.20939732  3.81195498  6.14927006 10.56590462  0.50591993  0.09497918]","[6.76311779 5.77191591 4.00652552 5.11990738 2.41068721 3.4069705
 3.76607776 3.0116446  3.64154148 5.55730534 2.324471   0.84663057]","[-0.52516937 -1.10132742 -2.55113292 -0.68873024 -1.0594902  -1.51305389
 -0.55668044  0.80031037  0.11772394  5.00859928 -1.81855106 -0.75165141]","['Why' ""don't"" 'you' 'tell' 'me' 'what' 'happened' 'on' 'Saturday,' 'step'
 'by' 'step']"
178,"[9.38970912 8.76630783 1.43516755 8.21030521 2.35655499 0.61128962
 0.74335933 2.04110122 0.21891069 0.70850325 4.05238628 0.29031712
 6.2383976 ]","[6.76311779 5.11033154 2.91839099 4.73100138 2.37407112 1.86047745
 1.86874914 2.36500263 0.91089463 3.18460274 2.15508676 1.57856226
 4.4478941 ]","[ 1.18343639  3.6559763  -1.48322344  3.47930384 -0.01751614 -1.24918783
 -1.12538981 -0.32390141 -0.69198394 -2.47609949  1.89729953 -1.2882452
  1.7905035 ]","['Emma' 'put' 'her' 'mug' 'of' 'tea' 'down' 'on' 'the' 'table' 'with' 'a'
 'bang']"
179,"[8.98280907 4.61283255 5.54214334 0.52393216 3.1532414  0.55375278
 2.6719892  2.73185921 9.61367607 1.65305734 1.27907205 0.19602446
 4.61550617]","[6.76311779 6.00381804 4.02565622 1.68047178 4.3561697  2.16239214
 4.97322226 2.81532574 5.87125349 4.54868889 3.232481   0.95288289
 3.34660387]","[ 2.21969128 -1.39098549  1.51648712 -1.15653968 -1.2029283  -1.60863936
 -2.30123305 -0.08346653  3.74242258 -2.89563155 -1.95340896 -0.75685841
  1.2689023 ]","['Bruce' 'is' 'looking' 'for' 'someone' 'to' 'take' 'the' 'spare' 'room'
 'in' 'his' 'flat']"
180,"[ 5.56804848  2.07683015  2.8571887   3.08291197  6.62183762  3.99808359
  9.35997772 10.85826874  6.13307238  0.89333534  3.79607821  1.18845105
  2.0982306 ]","[6.76311779 5.91296244 7.18632507 4.66718006 4.97434425 2.48408818
 2.970994   2.20513749 5.05390644 2.74973488 3.34333229 2.03477716
 4.17139912]","[-1.19506931 -3.83613229 -4.32913637 -1.58426809  1.64749336  1.51399541
  6.38898373  8.65313148  1.07916594 -1.85639954  0.45274591 -0.84632611
 -2.07316852]","['From' 'the' 'moment' 'we' 'leave' 'this' 'spot' 'be' 'very' 'careful'
 'what' 'you' 'say']"
181,"[6.22000313 9.44253159 1.62185776 0.66994071 0.27334553 6.57580948
 1.62100363 0.94696641 2.60280156 3.22471857 2.25470829 1.12533641
 3.42754817]","[6.76311779 5.22920847 3.97299027 2.62163544 1.97588253 2.61907172
 3.83268356 2.66271853 3.02504778 4.5766325  3.30724049 1.86448741
 1.93183887]","[-0.54311466  4.21332312 -2.35113239 -1.95169473 -1.70253706  3.95673776
 -2.21167994 -1.71575212 -0.42224622 -1.35191393 -1.0525322  -0.739151
  1.4957093 ]","['He' 'knocked' 'on' 'the' 'door' 'so' 'hard' 'that' 'he' 'almost' 'broke'
 'it' 'down']"
182,"[6.22000313 8.80822182 8.76126099 7.42419147 2.82968879 2.2455442
 7.16129303 3.3155489  1.08555889 1.37135029 3.5203433  0.757195
 2.1021344 ]","[6.76311779 5.22920847 3.76871753 0.56321186 3.84676051 5.69189072
 4.36940193 2.8449409  2.95483947 2.55632639 3.15642762 2.73639965
 5.70840931]","[-0.54311466  3.57901335  4.99254322  6.86097956 -1.01707172 -3.44634652
  2.7918911   0.470608   -1.86928058 -1.1849761   0.36391568 -1.97920465
 -3.72008371]","['He' 'let' 'Donald' 'go' 'and' 'he' 'fell' 'to' 'the' 'floor' 'with' 'a'
 'thud']"
183,"[6.22000313 8.54136658 4.3435545  1.99128759 5.80971527 3.18333149
 1.81811714 3.55389953 5.41161633 2.37442303 1.87756848 3.10929751
 5.00998783]","[6.76311779 5.22920847 3.562361   2.0139935  5.41917515 3.89063764
 3.74295926 5.86909723 3.43121433 5.0658288  1.7154634  1.60683179
 7.15407181]","[-0.54311466  3.31215811  0.78119349 -0.02270591  0.39054012 -0.70730615
 -1.92484212 -2.31519771  1.98040199 -2.69140577  0.16210508  1.50246572
 -2.14408398]","['He' 'smiled' 'again' 'and' 'felt' 'like' 'a' 'man' 'and' 'not' 'just'
 'the' 'kid']"
184,"[8.31575155 3.4437685  1.78188372 5.85233593 0.21660846 5.78152466
 8.09560013 1.34156322 3.79084063 4.86609507 5.02896547 3.83826041
 3.61080384]","[6.76311779 5.29967308 4.01496458 7.26369619 0.93252778 5.96090364
 4.21100569 4.34944725 2.90525317 2.75716519 4.99387503 3.19606447
 1.60226607]","[-0.54311466 -1.85590458 -2.23308086 -1.41136026 -0.71591932 -0.17937899
  3.88459444 -3.00788403  0.88558745  2.10892987  0.03509045  0.64219594
  2.00853777]","[""He's"" 'got' 'the' 'ability' 'to' 'work' 'but' 'he' 'just' 'gets' 'bored'
 'too' 'easy']"
185,"[4.05731678 4.77001631 4.78886986 2.67162895 8.23998833 0.06424394
 7.38790989 9.59521008 2.85738158 2.82350302 0.11245681 1.40536726
 3.56163764]","[6.76311779 4.73105574 3.95874786 4.35072041 6.20228004 0.4627088
 7.52753448 1.85665381 4.6396122  3.96894979 0.6947093  3.81742001
 4.88495636]","[-2.70580101 -0.46954679  0.83012199 -1.67909145  2.03770828 -0.39846486
 -0.1396246   7.73855639 -1.78223062 -1.14544678 -0.5822525  -2.41205263
 -1.32331872]","['I' ""can't"" 'see' 'any' 'amount' 'of' 'talk' 'getting' 'you' 'out' 'of'
 'this' 'mess']"
186,"[ 4.05731678 13.96868038  4.04540443  0.61843735  1.71457064  1.33229315
  5.7887888   7.38831902  3.38373137  2.21815896  5.33673334  1.38588226
  5.82154179]","[6.76311779 4.73105574 2.67317247 1.96527612 4.0137496  2.69239736
 5.81389999 5.17038059 2.47735882 2.74095154 4.39018106 3.06292105
 5.59383249]","[-2.70580101  9.23762512  1.37223196 -1.34683871 -2.29917908 -1.3601042
 -0.0251112   2.21793842  0.90637255 -0.52279258  0.94655228 -1.67703879
  0.22770929]","['I' 'flung' 'out' 'my' 'hands' 'and' 'they' 'said' 'I' 'had' 'broken'
 'my' 'wrists']"
187,"[4.05731678 9.54859447 2.55304027 7.17421055 3.03265524 9.01306248
 6.53208733 4.14631367 6.58298159 0.55201662 4.87617159 2.0579617
 3.6430378 ]","[6.76311779 4.73105574 5.2355566  5.21456242 4.22584391 6.62485981
 5.59323406 5.31213474 5.89889908 2.58668756 3.7239399  4.97292709
 3.40383196]","[-2.70580101  4.81753874 -2.68251634  1.95964813 -1.19318867  2.38820267
  0.93885326 -1.16582108  0.68408251 -2.03467083  1.15223169 -2.91496539
  0.23920584]","['I' 'mostly' 'just' 'pick' 'a' 'dry' 'white' 'and' 'drink' 'it' 'to'
 'get' 'drunk']"
188,"[ 8.70088291 10.9209919   5.4220295   3.24053431  0.2790021   2.64388704
  6.93383503  0.82564932  1.95450068  1.9706043   2.48485494  2.84311795
  0.80170798]","[6.76311779 6.4681282  4.57709646 3.1484766  1.79247212 5.17432499
 3.21466303 1.34980357 4.71784592 2.59022856 2.98100495 2.64720726
 1.96614408]","[ 1.93776512  4.45286369  0.84493303  0.0920577  -1.51347005 -2.53043795
  3.719172   -0.52415425 -2.76334524 -0.61962426 -0.49615002  0.19591069
 -1.1644361 ]","['Andy' 'felt' 'good' 'when' 'he' 'got' 'ready' 'to' 'go' 'out' 'on'
 'Saturday' 'night']"
189,"[ 9.37131405 11.52792168  1.10502601  0.46148115  0.24725951  1.62757874
  3.84633946  6.05273962  1.92986381  1.95854998  3.79239702  1.01196241
  2.85911584]","[6.76311779 6.43663883 3.44884276 2.58223724 1.81383836 2.44571018
 5.35886765 2.10643291 4.27757692 2.44355392 3.96526432 2.72183752
 2.50128508]","[ 2.60819626  5.09128284 -2.34381676 -2.12075615 -1.56657887 -0.81813145
 -1.51252818  3.94630671 -2.34771299 -0.48500395 -0.1728673  -1.70987511
  0.35783076]","['Billy' 'knocked' 'on' 'the' 'door' 'and' 'waited' 'till' 'he' 'was'
 'told' 'to' 'enter']"
190,"[ 8.06621075 10.31941986  2.43087578  0.74329263  6.3433466   0.75134093
  0.56510246  5.82140684  1.81108761  5.49256849  4.68980503  2.00721788
  7.51904106]","[6.76311779 6.57766724 3.01180601 1.52123356 4.56311321 1.42568755
 2.31759572 7.67146492 3.01460385 4.77707672 3.01652241 1.25401402
 5.03075171]","[ 1.30309296  3.74175262 -0.58093023 -0.77794093  1.78023338 -0.67434663
 -1.75249326 -1.85005808 -1.20351624  0.71549177  1.67328262  0.75320387
  2.48828936]","['Bob' 'sat' 'at' 'the' 'entrance' 'to' 'the' 'warehouse' 'and' 'made'
 'up' 'a' 'cigarette']"
191,"[ 8.63203812 10.25635052  1.07004333  4.36636496  3.96692944  2.45153642
  0.82960343  2.01161909  3.22209287  0.5731613   2.83833432  1.78067136
  2.37980032]","[6.76311779 6.88020468 2.73720789 1.20312285 2.38670254 5.29157114
 3.31959939 2.45903373 5.46845341 3.01039028 5.18117619 2.26864624
 4.58906364]","[ 1.86892033  3.37614584 -1.66716456  3.1632421   1.5802269  -2.84003472
 -2.48999596 -0.44741464 -2.24636054 -2.43722892 -2.34284186 -0.48797488
 -2.20926332]","['Brian' 'sat' 'down' 'at' 'an' 'empty' 'table' 'and' 'began' 'to' 'eat'
 'his' 'breakfast']"
192,"[5.65952206 6.08710003 0.09360633 5.82323074 5.0466423  1.62253702
 7.74235392 8.8173542  6.34892273 2.92883635 1.58969069 6.09175682
 0.19954519]","[6.76311779 3.25805402 0.66928136 1.2521379  6.11669922 3.73507333
 5.01721859 2.43510556 2.94895744 5.93266392 1.84094691 5.49538326
 1.01486146]","[-1.10359573  2.82904601 -0.57567501  4.57109261 -1.07005692 -2.11253643
  2.72513533  6.38224888  3.39996529 -3.00382757 -0.25125623  0.59637356
 -0.81531626]","['One' 'by' 'one' 'she' 'placed' 'her' 'teeth' 'about' 'their' 'necks'
 'and' 'killed' 'them']"
193,"[ 2.68723798 13.18667984  8.85254288  3.13880253  0.77737999  0.13129769
  1.97233438  1.14236522  2.82291317  2.1868341   3.52165174  2.74829626
  6.928195  ]","[6.76311779 8.41159058 4.13261318 4.72724771 1.99832165 0.46383971
 1.86791241 4.54874182 5.2649765  2.76296139 2.94301748 1.98672938
 2.1261487 ]","[-4.07588005  4.77508926  4.7199297  -1.58844519 -1.22094166 -0.332542
  0.10442197 -3.4063766  -2.44206333 -0.57612729  0.57863426  0.76156688
  4.8020463 ]","['The' 'shout' 'caught' 'him' 'off' 'guard' 'and' 'he' 'fell' 'back' 'a'
 'little' 'way']"
194,"[ 6.22000313  7.93854761  1.44809318  2.61668968  1.08134222  1.36764061
  6.53253365  4.53941441  7.02711916  5.475739   10.31256294  7.30788136
  0.26194903  0.02776846]","[6.76311779 5.22920847 2.81978607 4.05058384 4.24418354 2.65631819
 5.4143734  4.06372118 1.02394795 2.98672247 2.45557642 6.55550241
 1.38909757 0.20054325]","[-0.54311466  2.70933914 -1.3716929  -1.43389416 -3.16284132 -1.28867757
  1.11816025  0.47569323  6.00317097  2.48901653  7.85698652  0.75237894
 -1.12714851 -0.17277479]","['He' 'rose' 'from' 'his' 'seat' 'and' 'stopped' 'mid' 'way' 'when' 'Joe'
 'glared' 'at' 'him']"
195,"[6.22000313 7.1049571  6.58261871 3.16588473 5.9470706  1.29333496
 0.75587171 3.62033343 1.05597615 5.46031094 1.65810192 7.51015997
 5.33526421 0.3856554 ]","[6.76311779 5.22920847 3.53288317 6.90305805 2.80412841 2.76556826
 1.45220935 4.10932112 2.21602201 5.61916065 2.64876771 3.53867054
 2.70379138 1.4754051 ]","[-0.54311466  1.87574863  3.04973555 -3.73717332  3.14294219 -1.4722333
 -0.69633764 -0.48898768 -1.16004586 -0.15884972 -0.99066579  3.97148943
  2.63147283 -1.08974969]","['He' 'sat' 'his' 'son' 'up' 'on' 'the' 'table' 'and' 'laid' 'his' 'belt'
 'beside' 'him']"
196,"[4.92168617 3.92215466 3.04500985 4.43962955 5.37130737 1.3424356
 0.65724266 6.49733675 6.72294426 0.62254983 0.09581021 0.29957703
 1.97210503 1.90229392]","[6.76311779 2.2827754  4.30724192 4.00519562 2.72750521 3.186831
 2.3933146  0.20481262 4.57772493 1.56312144 0.43497813 1.37655556
 2.94874001 3.57812238]","[-1.84143162  1.63937926 -1.26223207  0.43443394  2.64380217 -1.8443954
 -1.73607194  4.76121616  2.14521933 -0.94057161 -0.33916792 -1.07697856
 -0.97663498 -1.67582846]","['If' 'I' 'have' 'time' 'at' 'the' 'end' ""I'll"" 'fill' 'you' 'in' 'on'
 'what' 'happened']"
197,"[ 9.43255043 13.75083733  0.99718118  0.77284205  1.69667315  4.02541876
  2.44170427  0.30468825  5.75379276  2.12013912  0.43016773  0.04209384
  1.43413711  4.36573982]","[6.76311779 6.34088802 3.07082677 3.29118872 2.79184628 5.43859577
 1.90753829 1.01214576 4.46408081 3.18537402 1.13115668 0.25451857
 2.32404685 6.35237694]","[ 2.66943264  7.4099493  -2.07364559 -2.51834679 -1.09517312 -1.41317701
  0.53416598 -0.70745754  1.28971195 -1.0652349  -0.70098895 -0.21242473
 -0.88990974 -1.98663712]","['Henry' 'washed' 'his' 'hands' 'and' 'sat' 'on' 'the' 'seat' 'in' 'front'
 'of' 'the' 'stove']"
198,"[2.68723798 7.05813932 2.52007103 7.57295799 2.43606925 0.21962729
 1.16914654 4.17539167 0.86631203 6.4858098  0.24907713 0.89797854
 3.97625923 7.53163862]","[6.76311779 8.41159058 4.89090729 3.21561193 4.50461483 1.04447734
 1.08214664 1.80162036 2.46926498 5.23561573 1.41335797 2.83286285
 6.12083817 4.66508865]","[-4.07588005 -1.35345125 -2.37083626  4.35734606 -2.06854558 -0.82485008
  0.08699989  2.37377119 -1.60295296  1.25019407 -1.16428089 -1.93488431
 -2.14457893  2.86654997]","['The' 'police' 'officer' 'got' 'out' 'of' 'the' 'van' 'and' 'picked' 'up'
 'the' 'two' 'cans']"
199,"[ 2.68723798 10.12787151  7.01924658  1.2739625   3.28700924  4.86694002
  0.44360185  2.03753948  1.75716448  1.49420083  5.60897541  3.52070689
  1.71638465  0.05930184]","[6.76311779 8.41159058 3.25545382 3.43218231 4.60437012 4.73382473
 2.41394329 5.78263283 2.09142995 3.71707797 5.58034801 1.68350005
 2.0611794  0.54201925]","[-4.07588005  1.71628094  3.76379275 -2.15821981 -1.31736088  0.13311529
 -1.97034144 -3.74509335 -0.33426547 -2.22287703  0.0286274   1.83720684
 -0.34479475 -0.48271739]","['The' 'speaker' 'turned' 'to' 'her' 'with' 'a' 'smile' 'and' 'a' 'bow'
 'of' 'his' 'head']"
200,"[6.77447891 2.16661024 5.41235018 3.60133553 7.3435216  0.23948357
 2.43696928 4.88250637 2.13796282 0.32659644 0.69376463 0.94591868
 1.55401206 3.66344023]","[6.76311779 4.54126167 4.40841818 4.051507   3.95423245 1.34771276
 2.45802498 5.5462122  3.78650546 2.24741602 1.55507374 1.87193096
 4.04287434 4.17566347]","[ 0.01136112 -2.37465143  1.003932   -0.45017147  3.38928914 -1.10822916
 -0.0210557  -0.66370583 -1.64854264 -1.92081952 -0.86130911 -0.92601228
 -2.48886228 -0.51222324]","['They' 'say' 'he' 'can' 'breathe' 'fire' 'and' 'kill' 'a' 'man' 'with'
 'a' 'single' 'word']"
201,"[6.22000313 5.83343172 2.90453148 1.39260793 3.1972518  4.17120504
 2.58181763 0.61605841 1.89784455 2.93585229 4.86239672 8.71554184
 0.27533066 2.50592113 2.18929768]","[6.76311779 5.22920847 3.41508365 3.50882721 5.63916159 5.98501587
 3.3844595  2.88561654 3.37613177 3.67238998 4.74985504 3.74217606
 1.39045036 2.43457222 3.94469142]","[-0.54311466  0.60422325 -0.51055217 -2.11621928 -2.44190979 -1.81381083
 -0.80264187 -2.26955819 -1.47828722 -0.73653769  0.11254168  4.97336578
 -1.1151197   0.07134891 -1.75539374]","['He' 'came' 'back' 'to' 'his' 'senses' 'when' 'he' 'heard' 'his' 'dad'
 'stand' 'up' 'to' 'him']"
202,"[ 6.22000313  2.38461351  5.50662231  6.41644192  2.64463854  4.4473362
  3.67123389 10.55122566  2.40618896  1.62622762  1.60058773  1.07860196
  1.69947243  0.01091533  0.52492547]","[6.76311779 5.22920847 5.73384571 5.39123821 3.45201898 4.11347103
 2.32776451 5.25071859 3.22686219 2.3229723  2.61908078 2.68823338
 4.46536541 0.09399754 1.15516412]","[-0.54311466 -2.84459496 -0.2272234   1.0252037  -0.80738044  0.33386517
  1.34346938  5.30050707 -0.82067323 -0.69674468 -1.01849306 -1.60963142
 -2.76589298 -0.08308221 -0.63023865]","['He' 'was' 'already' 'up' 'and' 'dressed' 'and' 'invited' 'us' 'in' 'for'
 'a' 'cup' 'of' 'tea']"
203,"[ 4.05731678  4.02060509 10.27935791 14.63029289  1.06986094  4.31097603
  1.38895464  0.03684134  2.87022638  2.43034482  0.91987264  2.36530924
  0.17051321  0.37007171  1.25483704]","[6.76311779 4.73105574 3.70763874 5.96452045 4.25149918 1.36094689
 4.16188574 0.2923125  4.24093723 4.6825223  3.81578946 5.14390373
 0.63963592 1.64180756 5.15412235]","[-2.70580101 -0.71045065  6.57171917  8.66577244 -3.18163824  2.95002913
 -2.7729311  -0.25547117 -1.37071085 -2.25217748 -2.89591694 -2.77859449
 -0.46912271 -1.27173591 -3.89928532]","['I' 'know' 'Richard' 'drinks' 'a' 'little' 'too' 'much' 'and' 'has' 'a'
 'bit' 'of' 'a' 'temper']"
204,"[4.92168617 4.60068703 2.76325345 0.86121929 2.06545401 5.95974255
 0.05950112 0.23635526 2.31153607 5.18849468 0.79688823 0.30349228
 1.28445578 3.5168047  6.19415426]","[6.76311779 2.2827754  4.56297874 3.56688786 6.09553432 2.40151548
 0.33514965 1.30019426 5.42671585 1.25162113 3.24172258 1.55661285
 3.74635482 6.22514248 3.82084227]","[-1.84143162  2.31791162 -1.79972529 -2.70566845 -4.03008032  3.55822706
 -0.27564853 -1.06383896 -3.11517978  3.93687344 -2.44483423 -1.25312054
 -2.46189904 -2.70833778  2.373312  ]","['If' 'this' 'were' 'a' 'movie' 'instead' 'of' 'a' 'book' 'this' 'would'
 'be' 'a' 'good' 'bit']"
205,"[7.45331573 6.44180918 5.14822102 3.54588056 1.44245505 8.43969154
 0.30809599 3.70550776 0.01467928 2.82565522 2.15965462 1.34550214
 0.15350486 1.97167814 3.7147181 ]","[6.76311779 6.66700315 5.56900978 4.80397034 4.3556509  6.41489792
 1.85762548 3.13894701 0.14043503 2.54729724 4.15886545 2.71909952
 0.83505034 2.97466445 1.55656552]","[ 0.69019794 -0.22519398 -0.42078876 -1.25808978 -2.91319585  2.02479362
 -1.54952955  0.56656075 -0.12575574  0.27835798 -1.99921083 -1.37359738
 -0.6815455  -1.00298631  2.15815258]","['James' 'was' 'only' 'in' 'the' 'cell' 'for' 'an' 'hour' 'but' 'it'
 'felt' 'like' 'a' 'week']"
